Time (min),Mean Intensity (A.U.),Protein Concentration (nanograms per microliter),Protein Concentration (nM),Number of Protein Molecules,Rate of Change of Number of Protein Molecules (PM per min)
0.0,0.35092759132385254,0.012802757992367741,0.13885854655496388,166630255.8659576,-83315127.9329788
2.0,0.0,0.0,0.0,0.0,-41513591.91688549
4.0,0.0012128353118896484,4.424740991160192e-05,0.00047990683201604156,575888.1984156432,134851885.82974824
6.0,1.1360061168670654,0.04144447957834263,0.44950628609916166,539407543.318993,53929150.52998633
8.0,0.4555175304412842,0.0166184730061274,0.1802437419319709,216292490.31836095,-59400145.01888855
10.0,0.635613203048706,0.02318883500920421,0.2515058027028694,301806963.2434388,27406029.172941245
12.0,0.6863887310028076,0.025041259305278007,0.2715971725084394,325916607.01012594,32295786.393761963
14.0,0.9076762199401855,0.03311440669422039,0.359158424015412,430990108.81848663,54633954.137478605
16.0,1.1466307640075684,0.04183209454352976,0.45371035296670215,544452423.5600404,39816663.24571918
18.0,1.243095874786377,0.04535139453173809,0.4918806348344731,590256761.8013633,26456526.854835898
20.0,1.3695032596588135,0.04996306713024934,0.5418987758161542,650278530.979384,32719862.900796294
22.0,1.5187313556671143,0.05540729906324948,0.6009468445037918,721136213.4045485,67412117.40942359
24.0,1.937389850616455,0.07068105788074552,0.7666058338475708,919927000.6170783,54000018.62752992
26.0,1.973633050918579,0.07200330478811034,0.7809469065955561,937136287.9146682,40728750.37813878
28.0,2.2804930210113525,0.08319836049696017,0.9023683351080329,1082842002.1296334,54600614.43344131
30.0,2.433594226837158,0.08878389362398798,0.9629489547070271,1155538745.6484334,29435166.202326953
32.0,2.5284578800201416,0.09224476824314198,1.0004855557824541,1200582666.9389412,46704623.45813882
34.0,2.8270387649536133,0.10313778123345596,1.1186310329008258,1342357239.4809887,55287559.50676799
36.0,2.994205951690674,0.10923647819822202,1.1847774208050161,1421732904.9660132,56007759.37826371
38.0,3.298853874206543,0.120350832615709,1.3053235641617036,1566388276.9940436,15778227.200043082
40.0,3.1271233558654785,0.11408565335770193,1.237371511471821,1484845813.7661855,1321842.8497746587
42.0,3.3099892139434814,0.12075707898487309,1.3097297069942861,1571675648.3931422,53051931.40721923
44.0,3.57403826713562,0.13039028027685395,1.4142112828292177,1697053539.3950624,67664485.95008028
46.0,3.8800017833709717,0.14155263100019777,1.5352779934945566,1842333592.1934633,80416583.1206525
48.0,4.251475811004639,0.15510497682260116,1.6822665598980606,2018719871.8776724,66827512.208589435
50.0,4.442963600158691,0.1620909530856376,1.7580363675231894,2109643641.027821,66856238.693816125
52.0,4.8146796226501465,0.17565212751450066,1.9051206888774495,2286144826.652937,75061739.85871506
54.0,5.075291395187378,0.18515992780221602,2.0082421670522344,2409890600.4626813,94922382.68590236
56.0,5.614315509796143,0.2048249397933013,2.221528631163789,2665834357.3965464,113697220.97542548
58.0,6.033088445663452,0.2201028737153301,2.387232903636992,2864679484.364383,120177717.92891824
60.0,6.626704931259155,0.24175955843678887,2.6221210242601813,3146545229.1122193,122385553.50778317
62.0,7.064076900482178,0.25771603382672215,2.795184748662926,3354221698.395516,125023635.42006612
64.0,7.679916858673096,0.2801834890558892,3.038866475660406,3646639770.792484,132797163.83223867
66.0,8.18277382850647,0.29852902884449684,3.2378419614370593,3885410353.7244706,135690218.06512356
68.0,8.822985172271729,0.32188561607457045,3.491167202544151,4189400643.052978,113017068.37151158
70.0,9.134841203689575,0.3332629411906747,3.6145655226754307,4337478627.210517,130300053.96223676
72.0,9.92064619064331,0.3619311659922979,3.925500715751607,4710600858.901925,74675050.23541117
74.0,9.763911485671997,0.35621307329635776,3.8634823567934653,4636178828.152162,-6238854.854115963
76.0,9.868089437484741,0.36001375793379964,3.904704532904553,4685645439.485461,43400228.59837079
78.0,10.12951946258545,0.3695514102189237,4.008149785454709,4809779742.545645,99715771.7469225
80.0,10.708105325698853,0.39065973845068713,4.237090438727627,5084508526.473151,130688102.07942486
82.0,11.230449438095093,0.40971622025800025,4.443776792386121,5332532150.863344,127983170.94733238
84.0,11.786248683929443,0.42999323298850056,4.663701008552064,5596441210.262481,135160660.16849208
86.0,12.369056701660156,0.45125559648311686,4.894312326281092,5873174791.5373125,156764646.8745029
88.0,13.106850147247314,0.47817223446126444,5.186249831467077,6223499797.760492,149617101.12267232
90.0,13.629446506500244,0.49723791889481816,5.393035996690006,6471643196.028002,144917334.93173194
92.0,14.327648639678955,0.5227101620636168,5.669307614572855,6803169137.48742,164926563.02733397
94.0,15.018804788589478,0.5479253492652187,5.94279120678112,7131349448.137338,172875393.75428033
96.0,15.783968687057495,0.5758405330774323,6.245558927087121,7494670712.504541,142734320.16818047
98.0,16.221213340759277,0.5917923636635729,6.418572274008387,7702286728.81006,144523032.08229232
100.0,17.001445531845093,0.6202572782707234,6.727302367361428,8072762840.833711,189663802.6658535
102.0,17.818960666656494,0.6500823723495452,7.05078494956123,8460941939.473474,159429332.62532067
104.0,18.344494581222534,0.669255226497572,7.2587334761125,8710480171.334993,33042193.876410723
106.0,18.09731149673462,0.6602373399342287,7.160925595815936,8593110714.979116,160399240.65362167
108.0,19.695714235305786,0.7185512597917851,7.793397611624574,9352077133.94948,305897444.9280114
110.0,20.674222946166992,0.7542498213421043,8.18058374557597,9816700494.691162,217117633.84229183
112.0,21.52473545074463,0.7852787459259827,8.517123057765541,10220547669.318647,199299911.0970068
114.0,22.353145837783813,0.8155013273525844,8.844916782565992,10613900139.07919,226449920.77698135
116.0,23.43237280845642,0.8548743549114417,9.271956127022154,11126347352.426573,215181525.3419118
118.0,24.165857076644897,0.8816337828076652,9.562188533705697,11474626240.446836,166982954.84024
120.0,24.839054346084595,0.9061937830323421,9.82856597648961,11794279171.787533,179945080.82545996
122.0,25.681732892990112,0.93693690431469,10.162005469790568,12194406563.748676,181961114.0492692
124.0,26.37191343307495,0.9621164987501509,10.435103023320519,12522123627.98461,154445726.1187744
126.0,26.982799530029297,0.9844032241418601,10.676824556853152,12812189468.223774,133078881.50115442
128.0,27.49298357963562,1.0030160749981722,10.878699294991026,13054439153.989227,151602058.7989154
130.0,28.259910821914673,1.0309955902127266,11.182164752849527,13418597703.419436,150373952.0270443
132.0,28.759749174118042,1.0492310029211507,11.37994580174784,13655934962.097404,141069967.04824257
134.0,29.448298692703247,1.0743510934188865,11.652397976343675,13982877571.612406,153389299.01132345
136.0,30.051916360855103,1.096372647483964,11.891243465118915,14269492158.142698,139570444.51940012
138.0,30.624054431915283,1.1172457433678487,12.117632791408337,14541159349.690006,135412406.06611967
140.0,31.192644357681274,1.1379893936149514,12.342618152005986,14811141782.407177,141785865.02244234
142.0,31.81847310066223,1.160821265884746,12.590252341483147,15108302809.779776,136199851.38480902
144.0,32.34000587463379,1.1798481479405494,12.796617656622015,15355941187.946413,149120599.9105196
146.0,33.07468032836914,1.2066509969239125,13.087321007851546,15704785209.421854,156624891.8163247
148.0,33.65943002700806,1.2279841980254331,13.318700629343095,15982440755.211712,130639224.60160589
150.0,34.175198554992676,1.246800785284806,13.5227850898569,16227342107.828278,127956340.69315004
152.0,34.73734736442566,1.2673094467317947,13.745221764986933,16494266117.984312,144183776.53705597
154.0,35.38981747627258,1.291113265940528,14.00339767831375,16804077213.976501,148235258.12641382
156.0,35.98609638214111,1.3128670827293125,14.23933929207497,17087207150.489967,118882026.08638477
158.0,36.39129185676575,1.327649675291077,14.399671098601704,17279605318.32204,123838689.13092518
160.0,37.02932620048523,1.3509268398555503,14.65213492251139,17582561907.013668,159904409.25686646
162.0,37.73834300041199,1.376793630402687,14.932685796124591,17919222955.349506,163337917.63939857
164.0,38.405301570892334,1.401126026543392,15.196594647976053,18235913577.571262,125247220.87158585
166.0,38.79343843460083,1.4152862762838878,15.350176532363204,18420211838.83585,117203550.29045773
168.0,39.3926362991333,1.4371465843326594,15.587273148944245,18704727778.733093,128247058.38403893
170.0,39.873804807662964,1.454700872227249,15.777666726976673,18933200072.372005,126537648.55032349
172.0,40.45860242843628,1.476035821653792,16.009065310778656,19210878372.934387,146586867.30959606
174.0,41.108667612075806,1.4997519027803983,16.26628961800866,19519547541.61039,153068637.8511057
176.0,41.74806833267212,1.5230789163533651,16.519294103615675,19823152924.33881,135093188.30565548
178.0,42.24670648574829,1.541270542653003,16.71660024569417,20059920294.83301,127285329.62099075
180.0,42.8203330039978,1.5621979409902162,16.943578535685642,20332294242.822773,140591805.5035038
182.0,43.431066274642944,1.5844790908777466,17.18523959737252,20622287516.847027,152924184.66824913
184.0,44.10858201980591,1.6091966404115916,17.453325817913136,20943990981.49577,153257383.59492683
186.0,44.72212219238281,1.6315801934359206,17.69609754268895,21235317051.226734,146466697.20489502
188.0,45.342432498931885,1.654210738685896,17.941548141929463,21529857770.31535,169677555.75843143
190.0,46.15150332450867,1.683727762239012,18.261689395217058,21914027274.26046,150137574.09146214
192.0,46.60720682144165,1.7003530197900054,18.442006722234336,22130408066.6812,124253963.7296772
194.0,47.19823145866394,1.721915147091933,18.675869274315975,22411043129.17917,171445465.73496532
196.0,48.05148100852966,1.7530439262592181,19.013491608017556,22816189929.62106,166218915.2390728
198.0,48.59847664833069,1.772999760375408,19.229932325112888,23075918790.13546,133298108.45146847
200.0,49.17439794540405,1.794010878256636,19.457818636189106,23349382363.426933,148809136.88596916
202.0,49.852060079574585,1.8187337684450289,19.725962781399442,23671155337.679337,158892189.80451107
204.0,50.512922048568726,1.842843744589889,19.98745926887082,23984951122.644978,130083798.71729183
206.0,50.94789934158325,1.8587128559174766,20.15957544379042,24191490532.548504,132236728.50173664
208.0,51.62689781188965,1.8834844991494228,20.42824836387661,24513898036.651924,137732770.22160053
210.0,52.108174324035645,1.9010427272989152,20.618684677862422,24742421613.434906,127531811.35482311
212.0,52.70123887062073,1.9226792758391382,20.853354401726012,25024025282.071217,137149693.3263836
214.0,53.26353740692139,1.943193399714557,21.075850322283703,25291020386.74044,150052498.41206074
216.0,53.965296506881714,1.9687954103511118,21.353529396432887,25624235275.71946,161769253.43231678
218.0,54.62629818916321,1.9929104836027558,21.615081167058097,25938097400.469707,122815318.70795059
220.0,54.9999053478241,2.006540651634022,21.76291379212606,26115496550.55126,141083240.66555595
222.0,55.81479787826538,2.03627006623397,22.085358635943276,26502430363.13193,176252326.52698898
224.0,56.48467302322388,2.0607088666533167,22.35042154721602,26820505856.659218,138830150.25922298
226.0,56.98431730270386,2.0789371990803045,22.54812580347402,27057750964.168823,119641650.5824337
228.0,57.49254655838013,2.0974787339323178,22.749227049157465,27299072458.988953,122133949.11993313
230.0,58.01318621635437,2.1164730327764976,22.955238967207134,27546286760.648556,112320500.63317966
232.0,58.438745975494385,2.1319985677935818,23.123628717934725,27748354461.52167,155410483.19110012
234.0,59.32238006591797,2.164235854610562,23.47327391117746,28167928693.412956,165784055.6868477
236.0,59.83532786369324,2.1829495342413394,23.67624223689089,28411490684.269062,130809630.67800999
238.0,60.424333810806274,2.2044380144389373,23.909306013437504,28691167216.124996,125155550.83646107
240.0,60.88965106010437,2.221414006865079,24.093427406345757,28912112887.614906,128456096.63023186
242.0,61.50646114349365,2.243916854803295,24.337493002204933,29204991602.645924,124380247.0568552
244.0,61.937443017959595,2.2596402027938853,24.50802822986861,29409633875.842327,134247667.37348366
246.0,62.63737726211548,2.2851756379094126,24.784985226783217,29741982272.13986,161925876.45620346
248.0,63.301523208618164,2.309405422158092,25.047781151389284,30057337381.66714,165013591.54169083
250.0,64.02746868133545,2.3358898150432252,25.335030531922182,30402036638.30662,139184632.25672913
252.0,64.47402882575989,2.3521814991383265,25.511729925578383,30614075910.694057,110382835.52522755
254.0,64.9573450088501,2.369814139827979,25.70297331700628,30843567980.40753,119886688.91651249
256.0,65.483966588974,2.389026674865335,25.911352221966755,31093622666.360107,104843293.69916344
258.0,65.8405556678772,2.4020359787581884,26.05245096267016,31262941155.204185,103222384.08151627
260.0,66.3535225391388,2.4207503542397206,26.255426835571807,31506512202.686172,127698085.34566689
262.0,66.9162974357605,2.441281856987757,26.47811124715572,31773733496.586853,112081009.48245335
264.0,67.2977044582367,2.4551965844873282,26.629030200513323,31954836240.615986,101634983.97963715
266.0,67.77248096466064,2.4725176753974982,26.81689452708783,32180273432.5054,104261348.88218307
268.0,68.17601275444031,2.4872395723771192,26.976568030120607,32371881636.14472,145225656.4391842
270.0,68.99587678909302,2.517150360476474,27.300980048551775,32761176058.26214,161072091.35291576
272.0,69.53290057182312,2.536742395119582,27.513475001296985,33016170001.55638,124765634.79018497
274.0,70.04691529273987,2.5554949989019913,27.7168654978524,33260238597.42288,125036399.6021738
276.0,70.58622002601624,2.5751702485973165,27.930262999970896,33516315599.965076,117484079.2772255
278.0,71.03661322593689,2.591601772599858,28.108479095443148,33730174914.53178,126051449.25011253
280.0,71.64809036254883,2.6139100606668513,28.35043449747128,34020521396.965527,107267469.42884064
282.0,71.94024538993835,2.6245686415376555,28.46603732687262,34159244792.247143,107990867.42135334
284.0,72.55781650543213,2.6470992539210143,28.71040405554246,34452484866.65094,148965250.47464657
286.0,73.19514393806458,2.670350628516864,28.96258816178811,34755105794.14573,120918012.18909454
288.0,73.5764422416687,2.6842613896671286,29.113464096172773,34936156915.40732,87613119.55812645
290.0,73.9332058429718,2.6972770605943945,29.25463189364854,35105558272.378235,95536789.84628677
292.0,74.38125395774841,2.7136230297465542,29.431920062327055,35318304074.792465,105629918.26112938
294.0,74.82304310798645,2.729740655473315,29.606731621185634,35528077945.42275,115336017.4291954
296.0,75.35285639762878,2.7490696324364605,29.81637345375771,35779648144.50925,118189448.92383385
298.0,75.81868314743042,2.7660642127759067,30.000696450931752,36000835741.11809,121943929.78809929
300.0,76.38012456893921,2.786547066858003,30.222853219718036,36267423863.661644,93402143.12534904
302.0,76.60551238059998,2.794769804763097,30.312036928016244,36374444313.619484,113396003.2589035
304.0,77.3353841304779,2.821397438526239,30.600839897247713,36721007876.69726,139029679.04823685
306.0,77.77671265602112,2.8374982594572553,30.775469191510364,36930563029.81243,124180916.38152885
308.0,78.38149690628052,2.8595623734941626,31.014776285186148,37217731542.22337,108462944.04557228
310.0,78.69041562080383,2.870832537593928,31.13701233832894,37364414805.99472,71768128.04414177
312.0,78.98607897758484,2.881619111513062,31.25400337866662,37504804054.39994,110903931.13705063
314.0,79.6246817111969,2.904917012430048,31.506692108785767,37808030530.54292,116644331.94405556
316.0,79.96870279312134,2.9174678028638685,31.642817818480143,37971381382.17616,96385876.82489967
318.0,80.43664622306824,2.9345396052409005,31.82797836486878,38193574037.84252,104545217.49974442
320.0,80.84940242767334,2.949598033042123,31.991301876812624,38389562252.17514,112128981.29768372
322.0,81.38123226165771,2.9690005788263885,32.201741635861055,38642089963.03326,93270991.86175919
324.0,81.63512682914734,2.9782633178743043,32.302205183018486,38762646219.62218,93072114.01773453
326.0,82.16528129577637,2.9976047418678387,32.511982015920154,39014378419.104195,79398957.99472618
328.0,82.30399179458618,3.0026652642980163,32.56686837633424,39080242051.60108,57606197.24293518
330.0,82.6505618095398,3.0153090464871677,32.7040026733966,39244803208.075935,128857757.98820114
332.0,83.38950276374817,3.04226754858639,32.99639423629489,39595673083.55389,146876707.63985252
334.0,83.88786625862122,3.060449154635149,33.19359169886279,39832310038.635345,123088460.88422966
336.0,84.42641258239746,3.0800967355648106,33.40668910590901,40088026927.090805,92779783.11535835
338.0,84.66945266723633,3.088963474645936,33.50285764258065,40203429171.09678,52871138.51300621
340.0,84.8718044757843,3.0963457988011407,33.582926234285694,40299511481.14283,99726611.39603043
342.0,85.50955986976624,3.119612786548316,33.835279680567425,40602335616.6809,101453766.55607986
344.0,85.72646141052246,3.127525923056043,33.92110545613929,40705326547.36715,72038157.00527382
346.0,86.11641669273376,3.1417525134679365,34.075406870585,40890488244.701996,96680811.5072155
348.0,86.54091048240662,3.157239159125927,34.243374827830024,41092049793.39601,74056426.08359718
350.0,86.74027562141418,3.164512521750962,34.322261624197,41186713949.036385,72354770.98579979
352.0,87.15043449401855,3.1794761920755623,34.484557397782666,41381468877.33921,116803530.44592857
354.0,87.72424054145813,3.2004101401080107,34.71160672568341,41653928070.8201,95562686.13592339
356.0,87.95546436309814,3.208845790948003,34.80309968490242,41763719621.882904,81724869.33355522
358.0,88.4126992225647,3.225526916616524,34.98402295679527,41980827548.15432,93676615.49355507
360.0,88.74460577964783,3.2376357374430227,35.115355069880934,42138426083.857124,113074294.92632103
362.0,89.36524868011475,3.260278416590546,35.36093727321634,42433124727.859604,122318194.85276794
364.0,89.77502679824829,3.27522819599444,35.52308238605684,42627698863.268196,101927711.10939026
366.0,90.22389817237854,3.291604199804832,35.700696310247636,42840835572.297165,91209137.77136803
368.0,90.54338192939758,3.303259804336174,35.82711284529472,42992535414.35367,135013348.48809242
370.0,91.36126446723938,3.3330983022401726,36.150740805207946,43380888966.249535,142745952.27205276
372.0,91.7458884716034,3.347130393667784,36.30293268620156,43563519223.44188,99611677.15316772
374.0,92.20040345191956,3.363712291018579,36.48277972905183,43779335674.862206,113508390.325737
376.0,92.7020947933197,3.382015305627894,36.68129398728736,44017552784.74483,139740312.85863876
378.0,93.37759017944336,3.4066591471704677,36.94858077191398,44338296926.29676,149455864.87997627
380.0,93.96112632751465,3.427948074767673,37.17948020355395,44615376244.26473,117672089.17019463
382.0,94.36887192726135,3.4428237025754407,37.340821069147964,44808985282.97754,76205053.97074509
384.0,94.6030855178833,3.451368428021349,37.433497050123094,44920196460.14771,124861125.58935547
386.0,95.42071485519409,3.4811976885065694,37.757024821112466,45308429785.33496,158025782.02889633
388.0,95.93431091308594,3.4999350183648965,37.96024965688609,45552299588.2633,117938693.5946598
390.0,96.41424250602722,3.517444180337995,38.15015379976134,45780184559.7136,113117144.08753204
392.0,96.88722133636475,3.534699687314465,38.33730680384453,46004768164.61343,87575081.72941399
394.0,97.15198397636414,3.5443589221228344,38.442070738859385,46130484886.631256,109025134.09734344
396.0,97.80566024780273,3.568206745193715,38.700723917502344,46440868701.0028,126587233.57704163
398.0,98.2183678150177,3.5832633985755122,38.864028184116194,46636833820.93942,77870624.07478714
400.0,98.46165037155151,3.5921389836593662,38.96029266441829,46752351197.30195,76454365.90016556
402.0,98.86242723464966,3.6067603736954967,39.118876070450085,46942651284.540085,110026145.97516441
404.0,99.38852190971375,3.6259536858557335,39.32704648433551,47192455781.20261,122433581.92692566
406.0,99.89382028579712,3.6443882945410384,39.526988010206495,47432385612.24779,209100567.0996971
408.0,101.15000653266907,3.6902172601443737,40.02404837466783,48028858049.601395,140506560.01236916
410.0,101.07746195793152,3.68757064398484,39.995343210247725,47994411852.297264,10906187.003608704
412.0,101.24188137054443,3.6935690949501496,40.06040233134654,48072482797.61583,86867108.30286026
414.0,101.8092393875122,3.7142678019365856,40.284900237923935,48341880285.508705,98886071.60809517
416.0,102.0749077796936,3.723960080957704,40.39002257004019,48468027084.04821,88592112.51426506
418.0,102.55554842948914,3.7414951111826364,40.580207279638145,48696248735.565765,65788462.50205231
420.0,102.62911653518677,3.744179068433335,40.60931744504701,48731180934.05642,61416574.47008324
422.0,103.07292795181274,3.7603704717364415,40.78492919453842,48941915033.4461,100016961.16148567
424.0,103.47166967391968,3.774917614496965,40.94270731558531,49131248778.70236,110826949.81702995
426.0,104.00654554367065,3.794431287646876,41.15435236059518,49385222832.71422,94916835.50255203
428.0,104.27125883102417,3.8040887219414157,41.25909676726049,49510916120.71257,94900533.57595825
430.0,104.80599737167358,3.8235973849658866,41.47068747251504,49764824967.01805,121002833.15089226
432.0,105.29059910774231,3.8412769259964565,41.662439544430114,49994927453.31614,119032705.69953346
434.0,105.80874109268188,3.86018010318421,41.86746315818016,50240955789.816185,112506982.22053146
436.0,106.23836946487427,3.8758540718655667,42.037462818498554,50444955382.198265,115984245.42686462
438.0,106.785804271698,3.8958259279454004,42.25407730960305,50704892771.52364,124614558.94965363
440.0,107.28813529014587,3.9141522796494264,42.45284468166406,50943413617.99688,106169438.44623375
442.0,107.68018651008606,3.928455335361209,42.60797543775716,51129570525.30858,98374117.52802849
444.0,108.11684894561768,3.9443859251030404,42.780758406757485,51336910088.10899,105946249.22209549
446.0,108.57268857955933,3.9610161492888003,42.96112960183082,51553355522.19696,65524518.4614315
448.0,108.66883420944214,3.9645237937768543,42.99917346829561,51599008161.95472,56761581.97335434
450.0,109.05085396766663,3.9784608754819444,43.15033487507533,51780401850.09038,89528284.61114883
452.0,109.42302966117859,3.9920388199140144,43.29760108366611,51957121300.399315,99146392.99835968
454.0,109.88607335090637,4.008931866930107,43.48082285173652,52176987422.08382,87694176.3597908
456.0,110.16177439689636,4.01899016344859,43.58991500486542,52307898005.83848,75773222.72779655
458.0,110.52439475059509,4.032219504048449,43.73340026082917,52480080312.995,109669965.8603077
460.0,111.0856454372406,4.052695399622991,43.955481557733094,52746577869.27971,131810585.95191956
462.0,111.63478064537048,4.072729290797673,44.17276888066891,53007322656.80268,132695984.33993912
464.0,112.2034900188446,4.093477298810132,44.39780150553288,53277361806.639465,86517239.5241642
466.0,112.36361074447632,4.099318922411433,44.4611596790828,53353391614.89934,110663223.00221634
468.0,113.13572835922241,4.127487796012813,44.76667891554028,53720014698.64833,86404031.70061302
470.0,113.09148716926575,4.125873761487421,44.749173118084826,53699007741.70179,80380215.10733223
472.0,113.81285953521729,4.1521913154558,45.03461296589806,54041535559.07766,99129242.01308632
474.0,113.92656207084656,4.156339481866109,45.07960392479512,54095524709.754135,84703621.88887215
476.0,114.52641153335571,4.1782235619163135,45.31695837219429,54380350046.63315,103396016.58089066
478.0,114.79758071899414,4.188116524295303,45.4242573133981,54509108776.0777,88874735.84577179
480.0,115.27510142326355,4.205537730732914,45.6132074916802,54735848990.016235,95396270.63529968
482.0,115.60120868682861,4.217434978137218,45.74224488218243,54890693858.6189,90297446.8663292
484.0,116.03577637672424,4.233289146069833,45.91419898123462,55097038777.48155,113764438.12066269
486.0,116.55957198143005,4.2523985821196355,46.12145967591796,55345751611.10155,130820979.76232147
488.0,117.13782572746277,4.273494793850119,46.35026891377571,55620322696.53084,110652015.42768478
490.0,117.49171590805054,4.286405634861078,46.49029972734358,55788359672.81229,34112602.1500721
492.0,117.4251937866211,4.283978733577575,46.46397758760929,55756773105.13113,55999127.2817173
494.0,117.96345829963684,4.303616033312325,46.6769634849493,56012356181.939156,89275434.9372406
496.0,118.17725920677185,4.31141605058162,46.7615623707334,56113874844.88009,-34049686.902132034
498.0,117.67662024497986,4.293151429537737,46.56346452860886,55876157434.33063,316936368.1047363
500.0,120.84716367721558,4.408821161045809,47.81801693108254,57381620317.299034,57369649.49561882
502.0,118.15990805625916,4.31078303514939,46.754696693594255,56105636032.3131,271828456.0919609
504.0,123.13707447052002,4.492363106551405,48.72411178472241,58468934141.66688,109621116.68444633
506.0,119.08336758613586,4.3444732583437435,47.120100415875754,56544120499.05089,-486623489.9242573
508.0,119.0377082824707,4.342807487314683,47.10203348497487,56522440181.96985,39084180.32536316
510.0,119.41261672973633,4.356485129763739,47.250381016960304,56700457220.35234,96703537.97779083
512.0,119.85234880447388,4.372527707986524,47.42437861156752,56909254333.88101,88759773.30095291
514.0,120.16033816337585,4.383763966758231,47.54624692796348,57055496313.55615,47216153.00886536
516.0,120.25010251998901,4.387038805677916,47.58176578826374,57098118945.91647,94089880.65344048
518.0,120.95296096801758,4.412680923412388,47.859879863474944,57431855836.169914,133719071.7433567
520.0,121.37656569480896,4.428135133727041,48.02749602740826,57632995232.8899,62067689.26725578
522.0,121.475825548172,4.431756393247191,48.066772161032446,57680126593.23894,98432589.36889076
524.0,122.20577192306519,4.458386749526413,48.3556046586379,58026725590.36546,131757293.36898041
526.0,122.58576250076294,4.472249801409259,48.50596313892905,58207155766.71486,85872181.34555054
528.0,122.92916798591614,4.484778133259946,48.64184526312307,58370214315.747665,98753901.47409248
530.0,123.4176754951477,4.502600167128962,48.83514281050935,58602171372.61123,105911692.53395653
532.0,123.82137894630432,4.517328326765382,48.99488423823625,58793861085.88349,91502544.14806557
534.0,124.18850231170654,4.530721949030468,49.14015129100292,58968181549.20349,77211414.91823196
536.0,124.47181582450867,4.541057968283585,49.252255621297024,59102706745.55642,80009176.4656353
538.0,124.8625078201294,4.555311435930907,49.406848545888366,59288218255.06603,67231267.91129303
540.0,125.03817892074585,4.561720377954989,49.47635984766801,59371631817.20159,79163429.11781883
542.0,125.52938866615295,4.5796409964797835,49.67072664294777,59604871971.53731,98801646.87368011
544.0,125.87049412727356,4.5920854174275,49.80569867058027,59766838404.69631,128348237.87634087
546.0,126.61060738563538,4.619086688253779,50.09855410253557,60118264923.04267,140199625.30075645
548.0,127.0515501499176,4.6351734356032654,50.27303075491612,60327636905.89934,63271399.75315094
550.0,127.14361214637756,4.63853209844458,50.3094587683794,60371350522.055275,81120084.83817482
552.0,127.73491406440735,4.660104341676865,50.54343103771005,60652117245.25204,96724707.84079552
554.0,127.9584310054779,4.668258825320985,50.63187446118205,60758249353.41846,61271611.85202408
556.0,128.2510724067688,4.678935150386053,50.747669743883435,60897203692.66013,58957926.958127975
558.0,128.4550986289978,4.686378561539449,50.82840088437581,60994081061.25097,77402085.19504547
560.0,128.90311551094055,4.702723391235997,51.005676694533605,61206812033.440315,103323308.85621452
562.0,129.32550477981567,4.718133258461259,51.172811913896524,61407374296.67583,97394756.64645767
564.0,129.72357892990112,4.732656046445342,51.33032588335513,61596391060.026146,85127556.88612747
566.0,130.04262804985046,4.744295794277596,51.45657043685027,61747884524.22034,68279855.37696648
568.0,130.29877543449402,4.753640721997863,51.557925401278354,61869510481.53401,77641774.45946884
570.0,130.69669032096863,4.768157699628139,51.71537635171519,62058451622.05821,67360919.17121696
572.0,130.86623072624207,4.774342977823151,51.782461798515754,62138954158.21888,88788726.20182228
574.0,131.44465565681458,4.795445434814166,52.01133877238793,62413606526.8655,116155557.16586876
576.0,131.84473705291748,4.810041452392127,52.169646989068625,62603576386.882355,87050476.67506218
578.0,132.17797780036926,4.822198947978968,52.30150702797147,62761808433.56575,93612851.18693924
580.0,132.63334131240845,4.838811801990246,52.48168982635842,62978027791.63011,87611676.1583786
582.0,132.91602754592896,4.849124936451643,52.59354594849938,63112255138.199265,51743362.1747551
584.0,133.06923270225525,4.854714261965288,52.654167700274286,63185001240.32913,66918248.279167175
586.0,133.47975373268127,4.869691144756107,52.816606776096606,63379928131.31593,77583755.44989777
588.0,133.72280621528625,4.878558336140223,52.912780218440616,63495336262.12872,109878947.50258636
590.0,134.4053852558136,4.903460607955235,53.18286993443857,63819443921.32628,103223204.83823395
592.0,134.59236907958984,4.910282267760508,53.25685756790139,63908229081.48166,28998863.250350952
594.0,134.64967465400696,4.9123729252608435,53.27953281193973,63935439374.32768,75226089.31656265
596.0,135.22608137130737,4.933401752543798,53.50761119895658,64209133438.74791,66964804.996601105
598.0,135.2137930393219,4.932953441996466,53.50274882859509,64203298594.31409,1053964.8372859955
600.0,135.23496007919312,4.933725671070457,53.511124415080886,64213349298.09705,30412942.174367905
602.0,135.4699947834015,4.9423003528913885,53.604125302509644,64324950363.01156,75137985.32787895
604.0,135.8679301738739,4.956818078561225,53.76158436617381,64513901239.40857,101424134.40826225
606.0,136.32440209388733,4.973471370199528,53.942205750537184,64730646900.64461,105437068.73370361
608.0,136.75614285469055,4.98922240435205,54.11304126195283,64935649514.34338,96688000.20401001
610.0,137.13891172409058,5.00318681559556,54.264499084550565,65117398901.46065,71659222.11788559
612.0,137.3598074913025,5.011245671949613,54.351905335679106,65222286402.814926,72344525.6777687
614.0,137.74834942817688,5.025420699820527,54.50564750347645,65406777004.17172,62929370.61623573
616.0,137.88993096351624,5.03058596518567,54.56166990439989,65474003885.27987,75726666.01036453
618.0,138.38627862930298,5.048694028507713,54.758069723510985,65709683668.21318,101315454.89765549
620.0,138.74342274665833,5.061723581657549,54.89938808739208,65879265704.87049,41918536.30174065
622.0,138.73940467834473,5.06157699199778,54.89779817785012,65877357813.42014,105372936.5016613
624.0,139.63109517097473,5.094108197475727,55.25063120906428,66300757450.87714,122303166.51418686
626.0,139.7696990966797,5.099164831839808,55.30547539956409,66366570479.47689,24062011.574926376
628.0,139.8337960243225,5.101503255699754,55.330837914314046,66397005497.17684,29765733.04710579
630.0,140.02044868469238,5.108312833796285,55.40469450972111,66485633411.66531,70045812.51854515
632.0,140.4238691329956,5.12303066874712,55.56432395604253,66677188747.25102,30785056.290388107
634.0,140.27978515625,5.117774107762864,55.507311364022414,66608773636.826866,21619156.55437088
636.0,140.6059911251068,5.12967495619483,55.636387811223756,66763665373.468506,94273164.11977386
638.0,141.07395195960999,5.146747393535675,55.821555244421646,66985866293.30596,69883698.91520882
640.0,141.1946985721588,5.151152546328104,55.869333474274455,67043200169.12934,43095133.513895035
642.0,141.43698978424072,5.159991964568945,55.96520568946795,67158246827.36154,65552877.02123642
644.0,141.74692273139954,5.171299130532631,56.08784306434525,67305411677.21429,37929856.752491
646.0,141.75651478767395,5.1716490738775445,56.09163854530961,67309966254.371506,46265971.443819046
648.0,142.1366720199585,5.185518205756365,56.242062969157985,67490475562.98956,73406415.06271172
650.0,142.37489795684814,5.194209312106818,56.33632659551864,67603591914.62235,68600176.91371918
652.0,142.71456694602966,5.206601326794514,56.470730225537025,67764876270.64444,103912159.35042953
654.0,143.2502646446228,5.2261449824138495,56.68270046002006,68019240552.02407,54600416.31974411
656.0,143.1745264530182,5.223381854743449,56.65273161326952,67983277935.923416,-836719.0238895416
658.0,143.24321603775024,5.225887830767174,56.67991139660711,68015893675.92851,30127686.760967255
660.0,143.428325176239,5.23264109714132,56.75315723580607,68103788682.967285,56891940.782175064
662.0,143.72247958183289,5.243372620567563,56.86955119921436,68243461439.05721,79913940.38407326
664.0,144.1015284061432,5.257201314819358,57.01953703708632,68423444444.50358,86197682.14022827
666.0,144.44861769676208,5.2698640415453255,57.15687680634845,68588252167.618126,52649590.80230522
668.0,144.54505395889282,5.273382289059267,57.195035673094,68634042807.7128,82913579.78283119
670.0,145.1470901966095,5.295346148398583,57.43325540562455,68919906486.74945,36090512.6393013
672.0,144.84908413887024,5.284474106610412,57.31533738189168,68778404858.27,11706226.692668915
674.0,145.2457046508789,5.298943862068796,57.47227616126676,68966731393.52013,57707574.848926544
676.0,145.335218667984,5.302209567947315,57.50769596472145,69009235157.66571,65869774.02132034
678.0,145.80059838294983,5.319187839284682,57.69184207467117,69230210489.60541,53172412.83343887
680.0,145.78314852714539,5.318551222824793,57.6849373408329,69221924808.99947,81445359.21720123
682.0,146.4867024421692,5.344218713017435,57.96332660539518,69555991926.47421,126806800.1508255
684.0,146.85138201713562,5.357523179404479,58.10762667466899,69729152009.60277,52432401.5928154
686.0,146.9283983707428,5.360332937773627,58.138101277371234,69765721532.84547,-16799333.466545105
688.0,146.7098627090454,5.3523601842524275,58.051628896447156,69661954675.73659,-10203392.834980011
690.0,146.84244394302368,5.357197095042343,58.1040899679213,69724907961.50555,34147073.93234253
692.0,146.99752116203308,5.362854718307634,58.16545247622163,69798542971.46596,30918273.59675598
694.0,147.10290265083313,5.366699311127746,58.207150879910486,69848581055.89258,36975684.61167145
696.0,147.30900812149048,5.374218578711622,58.28870475826052,69946445709.91264,75120834.34260559
698.0,147.73572826385498,5.3897864475490405,58.4575536610525,70149064393.263,56990714.608226776
700.0,147.78910374641418,5.391733725001217,58.47867380695463,70174408568.34555,81456453.5839119
702.0,148.42192578315735,5.414820730950495,58.729075172998876,70474890207.59865,39792068.84605408
704.0,148.12431621551514,5.403963154159904,58.61131403644147,70333576843.72977,34634405.310791016
706.0,148.71368956565857,5.425465038182679,58.84452319070151,70613427828.84181,105618031.4396553
708.0,149.01405334472656,5.436423095822358,58.96337414124034,70756048969.48839,4877389.266094208
710.0,148.75477719306946,5.4269640224837925,58.86078115492184,70632937385.90619,-3576263.448036194
712.0,148.9839265346527,5.435323990855995,58.95145326308021,70741743915.69624,56044891.54439163
714.0,149.22690510749817,5.444188485818435,59.047597460069795,70857116952.08376,26098252.3952446
716.0,149.2037808895111,5.4433448537588,59.03844743773104,70846136925.27722,18254337.018779755
718.0,149.38068151474,5.449798652062206,59.10844525013239,70930134300.15887,21541269.571762085
720.0,149.38524675369263,5.449965203940522,59.11025166963691,70932302003.56427,18199940.659553528
722.0,149.53399968147278,5.455392100491576,59.169111718997584,71002934062.79709,28840711.92084503
724.0,149.62820386886597,5.4588289160708605,59.206387376039714,71047664851.24765,22905904.97883606
726.0,149.72696137428284,5.462431848621739,59.2454647355937,71094557682.71243,63050814.30894852
728.0,150.15935039520264,5.478206533001812,59.41655675706954,71299868108.48344,82050794.6575737
730.0,150.41816568374634,5.4876487928465,59.51896738445228,71422760861.34273,48782468.15361023
732.0,150.570298910141,5.493199011547688,59.579164984248266,71494997981.09789,34380083.935173035
734.0,150.70778703689575,5.498214938642576,59.633567664236196,71560281197.08342,-675397.8753204346
736.0,150.5646092891693,5.492991439267339,59.57691365799717,71492296389.5966,29529892.84868622
738.0,150.9565498828888,5.507290459044739,59.73200064039848,71678400768.47816,69366027.84005356
740.0,151.14895582199097,5.514309931823515,59.80813375079735,71769760500.95682,50622916.04309082
742.0,151.38300251960754,5.522848568575315,59.90074369387544,71880892432.65053,28971495.2590065
744.0,151.39301466941833,5.523213838033117,59.90470540166072,71885646481.99284,20226615.41877365
746.0,151.55339360237122,5.529064881714019,59.96816574527138,71961798894.32562,20386323.35586548
748.0,151.56475114822388,5.529479234744485,59.97265981284693,71967191775.4163,-3171177.5533943176
750.0,151.52667927742004,5.528090273145942,59.95759515342671,71949114184.11205,32724872.34698105
752.0,151.84042882919312,5.539536678845792,60.081742720670206,72098091264.80423,51825409.544872284
754.0,151.96326184272766,5.5440179490127335,60.13034651857629,72156415822.29153,14233761.165252686
756.0,151.96033549308777,5.543911188110579,60.12918859122104,72155026309.46524,25120844.348636627
758.0,152.1748824119568,5.551738421842547,60.214082666405076,72256899199.68608,41379836.873355865
760.0,152.3089234828949,5.556628591309657,60.26712138079888,72320545656.95866,-15252631.57723999
762.0,152.04639267921448,5.547050779737809,60.1632405611476,72195888673.37712,2748374.6343803406
764.0,152.33207607269287,5.55747325844729,60.276282629580166,72331539155.49619,27374047.962791443
766.0,152.27699446678162,5.55546373714504,60.25448738769025,72305384865.22829,15547566.259548187
768.0,152.463050365448,5.562251543811058,60.32810785044532,72393729420.53438,51187907.98848343
770.0,152.70820665359497,5.571195487533501,60.425113747651864,72510136497.18222,92132149.45876312
772.0,153.23918104171753,5.590566824411384,60.635215015307864,72762258018.36943,29909988.116271973
774.0,152.96017146110535,5.580387823881235,60.52481370803943,72629776449.64731,-22980678.74629593
776.0,153.04558944702148,5.583504095810023,60.55861275282021,72670335303.38425,-11709538.021503448
778.0,152.86152911186218,5.5767890925292924,60.485781914634416,72582938297.5613,20134860.477787018
780.0,153.2152075767517,5.589692209596864,60.62572895441285,72750874745.2954,16252851.000293732
782.0,152.99844479560852,5.5817841354033835,60.539958084635416,72647949701.56247,-49280780.69093323
784.0,152.8000612258911,5.574546582997849,60.46145968544306,72553751622.53166,-31497784.445533752
786.0,152.7331042289734,5.572103816317123,60.43496546981696,72521958563.78033,19219914.847824097
788.0,152.96197175979614,5.5804535034944145,60.52552606826916,72630631281.92296,42900868.88867569
790.0,153.09450554847717,5.585288683355575,60.57796836611256,72693562039.33504,38802858.88383865
792.0,153.28885102272034,5.592378915458047,60.654868931215276,72785842717.45831,15183971.032253265
794.0,153.22241687774658,5.589955223786154,60.62858160288671,72754297923.46405,-5078899.192024231
796.0,153.24606585502625,5.590818000439699,60.63793926724186,72765527120.69022,17471533.220855713
798.0,153.36959886550903,5.595324808329364,60.68682004695624,72824184056.34747,36641183.79502106
800.0,153.55473494529724,5.602079057592702,60.76007654655861,72912091855.8703,7898368.33959198
802.0,153.4361355304718,5.597752240199066,60.71314794142155,72855777529.70584,6651582.27684021
804.0,153.61076855659485,5.604123310545784,60.7822484874814,72938698184.97766,-4024453.2214775085
806.0,153.4022331237793,5.5965153915756645,60.69973309734995,72839679716.81993,-16739050.300506592
808.0,153.46975708007812,5.598978842420095,60.72645165314637,72871741983.77563,-4619275.428398132
810.0,153.36331987380981,5.595095734260671,60.68433551258863,72821202615.10634,3143102.0131607056
812.0,153.49623489379883,5.599944822438806,60.7369286598569,72884314391.82828,13905826.402366638
814.0,153.48046398162842,5.599369458241664,60.73068826726319,72876825920.7158,11678773.795455933
816.0,153.5946180820465,5.60353409891861,60.77585790584176,72931029487.0101,27713954.45301056
818.0,153.71392917633057,5.607886880243557,60.82306811543988,72987681738.52785,31042604.088974
820.0,153.85612416267395,5.613074525908621,60.87933325280501,73055199903.366,8098548.073596954
822.0,153.78215217590332,5.610375834018175,60.8500632756852,73020075930.82224,2199741.219482422
824.0,153.87465500831604,5.613750579710075,60.88666572353662,73063998868.24393,-7012828.441795349
826.0,153.72307538986206,5.608220558077063,60.826687180879205,72992024617.05505,-10107647.318214417
828.0,153.78950715065002,5.61064416276761,60.85297356580922,73023568278.97107,5813419.85319519
830.0,153.77204823493958,5.610007215778612,60.84606524705654,73015278296.46783,11485782.75825119
832.0,153.8862645626068,5.614174126668646,60.89125950833673,73069511410.00407,20519342.548542023
834.0,153.9449052810669,5.616313493721863,60.91446305555168,73097355666.662,-463699.2452812195
836.0,153.8823583126068,5.61403161643393,60.889713844185806,73067656613.02295,5889721.926269531
838.0,153.99452090263367,5.6181236015938705,60.93409546197259,73120914554.36708,-443661.4605026245
840.0,153.87862086296082,5.613895264478401,60.88823497265079,73065881967.18094,-5709240.353572845
842.0,153.94642567634583,5.616368961725206,60.915064660794,73098077592.95279,4707039.793598175
844.0,153.9182734489441,5.615341894708301,60.903925105296125,73084710126.35533,42877519.775066376
846.0,154.30763030052185,5.629546652802743,61.057989726710886,73269587672.05305,37596714.42973328
848.0,154.23499202728271,5.626896618276373,61.029247486728565,73235096984.07426,-8638011.654788971
850.0,154.23486280441284,5.626891903887504,61.02919635452827,73235035625.4339,-23758642.909763336
852.0,154.03484678268433,5.6195947953554395,60.9500520103627,73140062412.43521,-37464799.01333237
854.0,153.9192554950714,5.615377722324073,60.90431369115048,73085176429.38057,-43436681.51755142
856.0,153.668931722641,5.606245255235711,60.805263071970856,72966315686.365,-46819953.9283905
858.0,153.52483940124512,5.600988389816749,60.74824717805586,72897896613.667,3028394.1859436035
860.0,153.6944432258606,5.607175981715525,60.815357719257335,72978429263.10878,26785876.715511322
862.0,153.75048637390137,5.6092205825939825,60.837533433774226,73005040120.52905,4502699.672088623
864.0,153.73237442970276,5.608559811414747,60.8303667181643,72996440061.79713,-19721765.129638672
866.0,153.5843482017517,5.603159426777474,60.77179421667543,72926153060.0105,-30359508.08164978
868.0,153.4766228199005,5.599229322597653,60.72916835789212,72875002029.47054,11405490.109394073
870.0,153.68042922019958,5.606664714071094,60.809812517040086,72971775020.44807,-1134427.29788208
872.0,153.46706628799438,5.598880675274771,60.72538693356586,72870464320.279,-15140386.020179749
874.0,153.552885055542,5.6020115687675585,60.75934456363949,72911213476.36736,3885377.4102516174
876.0,153.49979710578918,5.600074781265521,60.73833819160002,72886005829.92001,-21155683.724739075
878.0,153.37466740608215,5.5955097219694885,60.68882561789033,72826590741.4684,-23305698.407726288
880.0,153.30346751213074,5.592912163288213,60.660652530240924,72792783036.28911,2115769.3163642883
882.0,153.39249086380005,5.596159968406051,60.695878182278236,72835053818.73386,6462298.795864105
884.0,153.3579065799713,5.594898243118141,60.682193526227124,72818632231.47256,-18608111.46738434
886.0,153.23573422431946,5.590441075481742,60.63385114405361,72760621372.86432,22893197.40063858
888.0,153.55076122283936,5.601934085785938,60.75850418422928,72910205021.07512,33770912.6366272
890.0,153.5202238559723,5.600820002632066,60.74642085284236,72895705023.41083,-33788827.77470398
892.0,153.26612067222595,5.5915496527165125,60.645874758313596,72775049709.9763,-31350670.878818512
894.0,153.25612258911133,5.591184896448642,60.64191861657963,72770302339.89555,20329889.255817413
896.0,153.43738174438477,5.5977977053478,60.71364105583298,72856369266.99957,-13983571.875190735
898.0,153.13832354545593,5.586887278692332,60.595306710329,72714368052.39479,-26139375.137153625
900.0,153.21718096733093,5.589764204055649,60.62650980537582,72751811766.45096,28079927.04460144
902.0,153.37487173080444,5.595517176270707,60.68890646714435,72826687760.5732,-18847913.93962097
904.0,153.05840420722961,5.583971611838205,60.56368342557707,72676420110.69247,-31143642.07149887
906.0,153.1125144958496,5.585945696940733,60.585094326906,72702113192.2872,21056117.44391632
908.0,153.23578310012817,5.590442858599301,60.633870483723456,72760644580.46814,-28042511.858917236
910.0,152.87628149986267,5.577327298296092,60.49161928737628,72589943144.85153,-23826312.88628769
912.0,153.03506779670715,5.583120238438916,60.554449440769176,72665339328.92299,-13578938.811855316
914.0,152.7618911266327,5.573154037767916,60.44635615800344,72535627389.60411,-32289786.379119873
916.0,152.76305532455444,5.5731965107584,60.44681681950543,72536180183.40651,-8787700.699481964
918.0,152.6878626346588,5.570453284419608,60.417063822338505,72500476586.80618,-7657122.467601776
920.0,152.69855093955994,5.57084322178669,60.42129307794676,72505551693.5361,-7106309.802101135
922.0,152.62799835205078,5.568269278540429,60.39337612299816,72472051347.59778,-13255305.946266174
924.0,152.58688688278198,5.566769424425871,60.37710872479255,72452530469.75104,2075552.2370376587
926.0,152.64548301696777,5.568907164927946,60.40029463045495,72480353556.54593,-29553043.848609924
928.0,152.33792901039124,5.557686788949733,60.27859857863052,72334318294.3566,-7655452.652202606
930.0,152.58099269866943,5.5665543891461695,60.37477645494762,72449731745.93712,-9075927.818248749
932.0,152.2614724636078,5.5548974538002565,60.248345485903016,72298014583.0836,-19161329.7991333
934.0,152.41957569122314,5.5606654737879015,60.31090535561718,72373086426.74059,-9067380.62757492
936.0,152.18508791923523,5.552110745487383,60.21812088381111,72261745060.5733,-34905056.91495514
938.0,152.12553191184998,5.5499379862960385,60.19455516590065,72233466199.08076,4591171.586200714
940.0,152.22376441955566,5.5535217655548745,60.233424789098436,72280109746.9181,-10731111.104480743
942.0,152.03513193130493,5.546639958149928,60.15878479555238,72190541754.66284,-29499072.01872635
944.0,151.97526121139526,5.544455717421119,60.13509454903601,72162113458.8432,-17570646.670375824
946.0,151.88711500167847,5.541239912739899,60.10021597331779,72120259167.98134,-44056267.93586731
948.0,151.60412669181824,5.530915757742163,59.988240322583124,71985888387.09973,-39834578.38380051
950.0,151.5515444278717,5.528997418983279,59.9674340453718,71960920854.44614,11120234.695991516
952.0,151.69780468940735,5.534333376538731,60.02530777156976,72030369325.8837,-40083720.5014801
954.0,151.2138750553131,5.516678355549157,59.83382164370019,71800585972.44022,-49791772.50450516
956.0,151.27835369110107,5.519030705122347,59.85933519655475,71831202235.86568,-5570589.071678162
958.0,151.1669478416443,5.514966327841128,59.81525301346127,71778303616.1535,-19171320.3895607
960.0,151.11685252189636,5.513138719322621,59.79543079525621,71754516954.30743,-13925949.09300232
962.0,151.04963421821594,5.510686419486545,59.76883318315126,71722599819.7815,-19367283.1321373
964.0,150.95370054244995,5.507186507640011,59.730873184815735,71677047821.77888,-19883312.69385147
966.0,150.88213515281677,5.504575614718634,59.70255547417176,71643066569.00609,-13787411.018936157
968.0,150.8375539779663,5.502949176653525,59.68491514808596,71621898177.70314,12803465.22050476
970.0,150.98999285697937,5.50851054636307,59.74523369157343,71694280429.8881,1959457.613986969
972.0,150.85406064987183,5.503551383293557,59.69144667346592,71629736008.15909,-37247496.59602356
974.0,150.67621612548828,5.497063149075892,59.62107536958669,71545290443.50401,-34430093.49123001
976.0,150.56401801109314,5.492969867893919,59.576679695161815,71492015634.19417,-32389494.169704437
978.0,150.4033637046814,5.487108777867736,59.51311038902101,71415732466.8252,-20793871.52065277
980.0,150.38884830474854,5.486579218046572,59.50736679009297,71408840148.11156,14865687.236328125
982.0,150.52859377861023,5.491677499078367,59.56266267980877,71475195215.77051,-13288419.234661102
984.0,150.27690529823303,5.482495243868453,59.46307205931079,71355686471.17291,-37397213.94267273
986.0,150.2135558128357,5.4801840886599855,59.43800529999986,71325606359.99982,-27176613.51850891
988.0,150.0479667186737,5.474142964647097,59.37248334758242,71246980017.09888,-12666823.377479553
990.0,150.106849193573,5.47629115160864,59.395782555408246,71274939066.4899,-31184934.62513733
992.0,149.78526163101196,5.464558794738972,59.26853356549863,71122240278.59833,-6197307.582874298
994.0,150.05464243888855,5.474386512411504,59.37512486346536,71250149836.1584,-9494655.255622864
996.0,149.7052776813507,5.46164077069041,59.23688471464655,71084261657.57584,-28150059.291297913
998.0,149.81750345230103,5.4657350608559785,59.28129133249436,71137549598.99321,-29130863.572612762
1000.0,149.45987629890442,5.45268788528576,59.13978183607118,70967738203.28539,-14238459.289928436
1002.0,149.69755721092224,5.461359107700874,59.233829801527946,71080595761.8335,8920210.456951141
1004.0,149.53502106666565,5.45542936329953,59.16951587092767,71003419045.11319,-52632411.51507568
1006.0,149.25417637825012,5.445183413228573,59.05838842981099,70870066115.7732,-55442625.923080444
1008.0,149.06796669960022,5.438389996265837,58.984707117850746,70781648541.42087,-35849634.692733765
1010.0,148.95217537879944,5.4341656254996735,58.93888964750188,70726667577.00226,-15395330.038822174
1012.0,148.93827486038208,5.4336584981672384,58.93338935105464,70720067221.26558,-8179406.761569977
1014.0,148.8832712173462,5.431651821154951,58.911624958296656,70693949949.95598,-16410294.780906677
1016.0,148.8000328540802,5.42861506757124,58.878688368451634,70654426042.14195,13210560.554008484
1018.0,148.9945583343506,5.435711866765216,58.95566016014335,70746792192.17201,-8530634.03414154
1020.0,148.7281699180603,5.42599331937808,58.85025292167113,70620303506.00539,-56652591.14122772
1022.0,148.5173110961914,5.418300637087812,58.76681818967259,70520181827.6071,-26300271.756378174
1024.0,148.50661373138428,5.41791036919162,58.7625853491499,70515102418.97987,-17463636.97516632
1026.0,148.37019562721252,5.412933479324112,58.70860606642205,70450327279.70644,-20924258.63143921
1028.0,148.33034563064575,5.411479647038892,58.69283782037844,70431405384.45412,-20450398.983989716
1030.0,148.1979193687439,5.406648390036365,58.64043806980874,70368525683.77048,-21587401.759853363
1032.0,148.1484911441803,5.404845118898029,58.62087981451225,70345055777.4147,-18796659.097515106
1034.0,148.03957438468933,5.400871550140396,58.57778253948369,70293339047.38042,-35132689.54616928
1036.0,147.85252976417542,5.39404767231084,58.503770849358375,70204525019.23003,-29190042.96237564
1038.0,147.79367446899414,5.391900476936625,58.480482396275775,70176578875.53091,8974720.023994446
1040.0,147.92813372612,5.396805902931549,58.53368658277169,70240423899.326,-25007240.29769516
1042.0,147.58301091194153,5.384214918418467,58.397124928616776,70076549914.34013,-38579330.03622818
1044.0,147.60313749313354,5.3849491888337475,58.40508881598426,70086106579.18109,-5958495.679084778
1046.0,147.53281593322754,5.382383674079762,58.377263276353176,70052715931.6238,-2846044.684150696
1048.0,147.5791621208191,5.384074504434151,58.39560200037042,70074722400.44449,-21881968.51674652
1050.0,147.3484799861908,5.375658615755615,58.30432338129735,69965188057.55681,-6693072.944168091
1052.0,147.52277898788452,5.3820175000159765,58.373291757223186,70047950108.66782,-27830586.813224792
1054.0,147.11403226852417,5.367105348741683,58.21155475858657,69853865710.30391,-19013678.495269775
1056.0,147.3626058101654,5.3761739628250975,58.30991282890561,69971895394.68674,-13665061.66362381
1058.0,146.99891638755798,5.362905619790396,58.16600455304118,69799205463.64941,-66559153.06285477
1060.0,146.80190467834473,5.355718116450447,58.088048985362775,69705658782.43532,-23064339.327903748
1062.0,146.80462002754211,5.355817179503621,58.08912342194817,69706948106.3378,9678504.761074066
1064.0,146.88343739509583,5.358692643580351,58.120310667899716,69744372801.47961,-12970220.344608307
1066.0,146.69535756111145,5.351830998451044,58.04588935413281,69655067224.95937,-40931930.119457245
1068.0,146.53862261772156,5.346112897056971,57.98387090083483,69580645081.00179,-9658778.297821045
1070.0,146.61399102210999,5.3488625339208475,58.01369342647341,69616432111.76808,-21037862.682373047
1072.0,146.36139750480652,5.339647260592589,57.913744691893584,69496493630.2723,-45065232.66329193
1074.0,146.234356880188,5.335012485748996,57.863475984262436,69436171181.11491,-13616155.883850098
1076.0,146.24669361114502,5.335462562017618,57.868357505614085,69442029006.7369,12482690.852462769
1078.0,146.33951234817505,5.3388488327376535,57.905084953770654,69486101944.52477,-11246518.023166656
1080.0,146.15195178985596,5.332006132145164,57.83086911220353,69397042934.64423,-40933939.55832672
1082.0,145.99468064308167,5.326268468646727,57.76863848857623,69322366186.29146,-23885803.597568512
1084.0,145.95073533058167,5.324665228506179,57.7512497668783,69301499720.25395,-14547261.9306221
1086.0,145.8721330165863,5.3217976101467155,57.72014761547413,69264177138.56897,-1332427.7812767029
1088.0,145.93951082229614,5.324255729034732,57.7468083409407,69296170009.12885,2335279.2862243652
1090.0,145.8918056488037,5.322515319314016,57.72793187976157,69273518255.71387,-68847790.72578049
1092.0,145.35952997207642,5.303096508018342,57.51731570518811,69020778846.22572,-57361300.41862488
1094.0,145.40858817100525,5.304886279652024,57.536727545032804,69044073054.03937,-15583821.065044403
1096.0,145.22825026512146,5.298307080344353,57.46536963497131,68958443561.96555,-13237956.847312927
1098.0,145.29707026481628,5.300817814247617,57.49260102220843,68991121226.65012,-11753802.280517578
1100.0,145.12923502922058,5.2946947451101405,57.426190294036246,68911428352.84348,-45855196.85606003
1102.0,144.9107813835144,5.286724983747188,57.33975036602159,68807700439.22588,-26785423.88421631
1104.0,144.9035918712616,5.286462691503058,57.33690554775552,68804286657.30661,-479944.5679588318
1106.0,144.90673828125,5.286577480783302,57.33815055079505,68805780660.95404,-9796495.61517334
1108.0,144.82106518745422,5.283451901850661,57.30425056237159,68765100674.84592,-33921054.51261711
1110.0,144.62098383903503,5.276152410029757,57.225080369086314,68670096442.90357,-32026408.377614975
1112.0,144.55127143859863,5.273609119009274,57.19749586777955,68636995041.33546,-25916497.234529495
1114.0,144.40266060829163,5.268187406546346,57.13869204497121,68566430453.965454,-26556913.892377853
1116.0,144.32755327224731,5.265447294139683,57.10897282147164,68530767385.765945,-30010629.871406555
1118.0,144.14984798431396,5.258964139632534,57.03865661206653,68446387934.47983,-31749473.739240646
1120.0,144.06009244918823,5.255689622543823,57.00314124234082,68403769490.80898,-10576469.217506409
1122.0,144.06075072288513,5.25571363809302,57.00340171467485,68404082057.6098,-7757169.881669998
1124.0,143.9947452545166,5.2533055856668565,56.97728400940191,68372740811.2823,-28785041.97361183
1126.0,143.81826257705688,5.24686703519313,56.9074515747628,68288941889.715355,-4970870.626398087
1128.0,143.95287013053894,5.251777871427677,56.960714440647266,68352857328.77671,-8769445.937934875
1130.0,143.74438786506653,5.244171892141537,56.87822008830301,68253864105.963615,-32548607.76571846
1132.0,143.67867732048035,5.24177459930768,56.8522190814282,68222662897.71384,-13780024.208444595
1134.0,143.62830352783203,5.2399368313681425,56.83228667427488,68198744009.12984,-15835821.680278778
1136.0,143.54527473449707,5.236907723444608,56.79943300916062,68159319610.99272,-34102243.63421631
1138.0,143.34102272987366,5.229456075157893,56.71861252882748,68062335034.59297,-3081064.12584877
1140.0,143.51931953430176,5.235960809736596,56.789162795407776,68146995354.48933,-8405171.463695526
1142.0,143.27021670341492,5.226872885794718,56.69059529061518,68028714348.73819,-46574689.178655624
1144.0,143.12696957588196,5.221646855262357,56.633913831478935,67960696597.774704,6199798.154994965
1146.0,143.32244443893433,5.228778290427686,56.71126128446514,68053513541.35817,-27708322.363786697
1148.0,142.89355182647705,5.213131164189219,56.54155275693297,67849863308.31956,-58940436.349393845
1150.0,142.8259241580963,5.210663929656306,56.514793163300496,67817751795.960594,-17682241.282440186
1152.0,142.7445948123932,5.207696822035082,56.48261195265816,67779134343.1898,-21147447.855571747
1154.0,142.647775888443,5.20416461401536,56.444301670448596,67733162004.53831,-24826702.12108612
1156.0,142.53545212745667,5.2000667489165355,56.39985627892122,67679827534.70545,-12469983.274276733
1158.0,142.54272747039795,5.200332172489066,56.402735059534336,67683282071.4412,-21675590.6544075
1160.0,142.35285472869873,5.193405117388748,56.327604310073184,67593125172.08782,-20424134.768928528
1162.0,142.37067246437073,5.194055155070082,56.33465461030458,67601585532.365486,-19943624.161849976
1164.0,142.1848475933075,5.187275776896339,56.26112556286702,67513350675.44042,-27301340.23810768
1166.0,142.1406831741333,5.185664543170237,56.24365014284423,67492380171.413055,-22652347.756038666
1168.0,141.9940218925476,5.18031395535265,56.18561773701359,67422741284.41627,-26617423.474063873
1170.0,141.91645526885986,5.177484121689208,56.15492539793067,67385910477.5168,-26551819.540311813
1172.0,141.77034664154053,5.1721536961472605,56.09711167187919,67316534006.25502,-19502707.99106598
1174.0,141.75216245651245,5.171490289433287,56.089916371293796,67307899645.552536,-6741044.759405136
1176.0,141.71355938911438,5.1700819483912035,56.07464152268119,67289569827.2174,-18560167.954107285
1178.0,141.59580969810486,5.1657861311487245,56.0280491447801,67233658973.73611,-21957421.531145096
1180.0,141.52858781814575,5.1633337008406315,56.00145011757736,67201740141.09282,-5367013.102966309
1182.0,141.5505974292755,5.164136669121746,56.01015910110354,67212190921.32424,-25703326.90277672
1184.0,141.31206035614014,5.155434211705845,55.91577236123477,67098926833.48171,-5935825.812417984
1186.0,141.50059342384338,5.1623123919887295,55.99037301506213,67188447618.07457,13237560.619932175
1188.0,141.423574924469,5.1595025553363705,55.9598975633012,67151877075.96144,-5066050.10405159
1190.0,141.4579164981842,5.160755425923417,55.97348618138196,67168183417.65836,-19001763.371837616
1192.0,141.26350212097168,5.153662680060092,55.89655835206173,67075870022.47409,-58892181.51460457
1194.0,140.96180272102356,5.142655895471263,55.777178909666645,66932614691.599945,-29817893.55181122
1196.0,141.0123131275177,5.144498647441836,55.797165373555714,66956598448.266846,-25756421.37202072
1198.0,140.74482798576355,5.134740088636262,55.69132417175989,66829589006.11186,-63504721.07749176
