Time (min),Mean Intensity (A.U.),Protein Concentration (nanograms per microliter),Protein Concentration (nM),Number of Protein Molecules,Rate of Change of Number of Protein Molecules (PM per min)
0.0,0.0,0.0,0.0,0.0,272010410.6699394
0.5,0.30351686477661133,0.011073090467688784,0.11333767111247894,136005205.3349697,242531159.9274725
1.0,0.5412461757659912,0.019746078604095052,0.20210929993956128,242531159.9274725,-16127997.197089791
1.5,0.26752471923828125,0.009760002695892389,0.09989767344823619,119877208.13787991,-101013491.85767126
2.0,0.31581878662109375,0.011521896808682985,0.1179313900581711,141517668.06980124,111288330.09795892
2.5,0.5158820152282715,0.01882072757136788,0.1926379485298675,231165538.23583883,58666842.44260809
3.0,0.4467430114746094,0.01629835556421866,0.1668204254270087,200184510.51240933,25842593.67255053
3.5,0.5735538005828857,0.020924745406208034,0.2141734432569926,257008131.90838936,17692058.87463388
4.0,0.48622560501098633,0.017738784024261767,0.18156380782253834,217876569.3870432,18412125.52126214
4.5,0.6146433353424072,0.02242379929239746,0.2295168811913797,275420257.4296515,5530197.313961893
5.0,0.4985671043395996,0.0181890342555735,0.1861723055841722,223406766.7010051,-20606619.436454415
5.5,0.5686564445495605,0.020746077026612797,0.21234469832766933,254813637.99319708,30537770.079975784
6.0,0.5667169094085693,0.020675317702918194,0.21162044731748608,253944536.78098089,-25679136.407072514
6.5,0.5113494396209717,0.018655367337470308,0.19094541798844133,229134501.58612457,18715963.732393503
7.0,0.6084845066070557,0.022199109083463897,0.2272170837611469,272660500.5133744,94464517.757027
7.5,0.7221617698669434,0.02634635349152159,0.26966584945262895,323599019.34315157,35415954.52385181
8.0,0.6875207424163818,0.025082558047614167,0.25673037919769115,308076455.0372262,-76104313.95538598
8.5,0.5523231029510498,0.02015019393032058,0.2062455878231404,247494705.3877656,22142690.392721713
9.0,0.7369356155395508,0.026885342090421593,0.2751826211916253,330219145.4299479,46643866.14018881
9.5,0.6564161777496338,0.023947782031900955,0.24511547627329833,294138571.5279544,28705659.854005694
10.0,0.8009967803955078,0.02922246123020189,0.2991040044032971,358924805.2839536,89390184.59457189
10.5,0.8559043407440186,0.03122563289430902,0.31960729676877264,383528756.1225263,54119525.41781461
11.0,0.9217729568481445,0.0336286925913023,0.34420360891814283,413044330.7017682,64710701.54247284
11.5,1.0003163814544678,0.03649416251155868,0.37353288138750074,448239457.6649991,55979840.03469217
12.0,1.0467007160186768,0.03818638456746015,0.39085347561372075,469024170.7364604,50537567.77268726
12.5,1.1130988597869873,0.040608762821051636,0.4156475211980748,498777025.4376864,34253271.24265617
13.0,1.1231422424316406,0.04097517173446641,0.4193978683159365,503277441.97911656,89750538.42232925
13.5,1.3133912086486816,0.047915952490936276,0.4904396365500183,588527563.8600156,141450468.97176766
14.0,1.4388110637664795,0.05249159741658449,0.5372732591257368,644727910.9508842,62210660.05912614
14.5,1.4522240161895752,0.052980937064083466,0.5422818532659512,650738223.9191418,49783634.49000728
15.0,1.5499110221862793,0.056544814991312586,0.5787596212007458,694511545.4408915,70294957.27233756
15.5,1.609098196029663,0.058704118168672936,0.6008609843262356,721033181.1914793,40051196.60059965
16.0,1.639291524887085,0.059805649914544734,0.6121356183679119,734562742.0414912,66209273.479011655
16.5,1.75685453414917,0.06409465651775581,0.6560353788920779,787242454.670491,82287806.15720093
17.0,1.8229296207427979,0.06650524879917685,0.6807087901655784,816850548.1986921,27326315.569938302
17.5,1.8178374767303467,0.06631947404374161,0.6788073085336919,814568770.2404293,119511512.56942296
18.0,2.0896382331848145,0.0762354777808707,0.780301717306763,936362060.768115,130280782.32908225
18.5,2.108579397201538,0.07692650107170107,0.7873746271412614,944849552.5695115,91046872.05588913
19.0,2.292823553085327,0.08364821061408767,0.8561741106866698,1027408932.8240042,41144864.59192729
19.5,2.2004005908966064,0.08027637879722715,0.8216620143012001,985994417.1614388,73994646.88253832
20.0,2.457954168319702,0.089672608114441,0.9178363164221217,1101403579.7065425,153717242.31982958
20.5,2.5434446334838867,0.09279152427609993,0.9497597162343894,1139711659.4812684,71627294.23823047
21.0,2.6178016662597656,0.09550426365367026,0.9775257282873113,1173030873.944773,137934321.5720873
21.5,2.851266622543335,0.10402167695742737,1.0647049842111294,1277645981.0533557,123455747.06896114
22.0,2.893312454223633,0.10555561906086819,1.0804055175114478,1296486621.013734,137305812.36109257
22.5,3.1576859951019287,0.11520065851382633,1.1791264945120439,1414951793.4144483,107198372.91206765
23.0,3.132542371749878,0.11428335325545902,1.1697374949381683,1403684993.9258018,56055051.74377656
23.5,3.2827816009521484,0.11976447397663215,1.2258390376318538,1471006845.1582248,180274667.73312235
24.0,3.534853458404541,0.12896071578673074,1.319966384715773,1583959661.658924,184544427.91103864
24.5,3.6946213245391846,0.13478946614905585,1.3796260608910522,1655551273.0692635,150397884.647609
25.0,3.8704898357391357,0.1412056102284569,1.4452979552554446,1734357546.306533,117926938.60758305
25.5,3.957793712615967,0.14439068440068992,1.4778985097307071,1773478211.6768465,124794173.61925149
26.0,4.148987531661987,0.15136593586395763,1.5492930999381578,1859151719.9257846,207984199.78101754
26.5,4.421942949295044,0.16132406466619442,1.6512186762148886,1981462411.457864,211857602.798851
27.0,4.621780872344971,0.16861467569183075,1.7258411022705324,2071009322.7246356,139899441.1415379
27.5,4.734150409698486,0.17271421083246796,1.7678015438328352,2121361852.599402,153937642.54119205
28.0,4.9653167724609375,0.18114776542205946,1.8541224710548612,2224946965.2658277,195111993.54179668
28.5,5.1695733070373535,0.18859957897332924,1.9303948717843333,2316473846.1411986,206743847.59001637
29.0,5.4266979694366455,0.19798016034667998,2.026409010713202,2431690812.855844,242499750.49214363
29.5,5.710749387741089,0.20834310032589798,2.1324779971944565,2558973596.6333423,203453976.3264737
30.0,5.8807373046875,0.21454470491926037,2.19595399098527,2635144789.1823177,187694559.23782015
30.5,6.129619121551514,0.22362456569051048,2.288890129892639,2746668155.8711624,248064455.45103884
31.0,6.434331893920898,0.23474128600056576,2.402674370527798,2883209244.6333566,297587412.9947877
31.5,6.793731927871704,0.24785314089850274,2.536879640721626,3044255568.86595,286279802.60717773
32.0,7.073210000991821,0.25804923326283347,2.641240872700447,3169489047.2405343,248894775.6257558
32.5,7.34917950630188,0.26811732388069975,2.7442919537430903,3293150344.491706,269655878.2033124
33.0,7.674989223480225,0.2800037160132198,2.8659541045365415,3439144925.4438467,260455691.35745525
33.5,7.930427074432373,0.2893227580853859,2.961338363207634,3553606035.849161,216296055.14813852
34.0,8.157687664031982,0.2976138198365308,3.0462008171599884,3655440980.591985,266000204.53649855
34.5,8.524048089981079,0.3109796080713991,3.183005200321386,3819606240.3856597,343528412.89340544
35.0,8.924324989318848,0.32558275811960224,3.332474494571162,3998969393.4853907,296567781.5295906
35.5,9.185885429382324,0.33512516828426664,3.43014501826271,4116174021.9152503,278909909.7954507
36.0,9.546756029129028,0.3482906732754485,3.564899419400703,4277879303.2808414,350104202.53237677
36.5,9.96719765663147,0.36362948544044427,3.721898520373024,4466278224.447627,337172702.97136164
37.0,10.299209594726562,0.37574215084236684,3.8458766718768373,4615052006.252203,314778523.4263878
37.5,10.66967511177063,0.38925770355607603,3.984213956561682,4781056747.874015,319483635.47151756
38.0,11.012187242507935,0.40175344349700626,4.11211303476977,4934535641.723721,315733412.994277
38.5,11.3742835521698,0.4149636655973601,4.247325134056915,5096790160.868292,338152591.88573456
39.0,11.766827583312988,0.42928470035303645,4.393906861341215,5272688233.609455,392930860.76692104
39.5,12.25117015838623,0.4469547865114669,4.574767518029347,5489721021.635213,2623102582.613365
40.0,17.62069082260132,0.6428489689541412,6.579825680185682,7895790816.22282,2548744697.3630905
40.5,17.93909215927124,0.6544650839551118,6.698721432498587,8038465718.998303,410550271.96800995
41.0,18.536897897720337,0.6762746035968701,6.921950906825693,8306341088.19083,413278939.95339775
41.5,18.861388683319092,0.688112877649651,7.043120549126424,8451744658.951701,73355347.35532475
42.0,18.700601816177368,0.6822469514607161,6.9830803629551355,8379696435.546155,-1814543591.1671257
42.5,14.811951160430908,0.5403787869354608,5.531000889820479,6637201067.784575,-1495651500.0609436
43.0,15.362821817398071,0.5604759918307542,5.736704112904345,6884044935.485211,402035750.9586563
43.5,15.70915675163269,0.5731111976593448,5.866030682286031,7039236818.743232,426239498.5838289
44.0,16.31404185295105,0.595178991007121,6.091903695057535,7310284434.06904,451976112.1208563
44.5,16.717812061309814,0.6099095861211845,6.242677442386743,7491212930.864088,445488781.7079172
45.0,17.30821967124939,0.631449202651174,6.463144346480803,7755773215.7769575,448366911.5981474
45.5,17.71841287612915,0.6464141255071336,6.616316535385199,7939579842.462235,430095594.3617916
46.0,18.26804518699646,0.6664661522921298,6.821557341782292,8185868810.138749,491625289.3162279
46.5,18.81555151939392,0.6864406178122966,7.026004276482055,8431205131.778463,521705058.54840755
47.0,19.432311534881592,0.7089416391422794,7.2563115572393,8707573868.687157,531874985.00131226
47.5,20.002513647079468,0.7297441061744867,7.469233430649815,8963080116.779776,475287148.0399246
48.0,20.49298906326294,0.7476379344451964,7.652384180605903,9182861016.727081,507506711.7625141
48.5,21.135094165802002,0.7710636109571514,7.892155690451908,9470586828.54229,473067868.44786835
49.0,21.54871392250061,0.7861535434013271,8.046607404312457,9655928885.17495,495267715.4660969
49.5,22.24036145210266,0.8113866574580162,8.304878786673662,9965854544.008387,562214790.1708717
50.0,22.80338406562805,0.8319271975677389,8.515119729454852,10218143675.345821,554990940.5499401
50.5,23.478910446166992,0.8565721698677904,8.76737123713194,10520845484.558327,605404793.6079655
51.0,24.154439449310303,0.8812172378473209,9.01962372412816,10823548468.953787,601858411.9559078
51.5,24.822051525115967,0.9055734755745339,9.268919913761867,11122703896.514235,543391457.450367
52.0,25.36710238456726,0.9254583590080716,9.472449938670131,11366939926.404154,503938963.1476517
52.5,25.946670055389404,0.9466025061574719,9.688869049718242,11626642859.661886,503489295.4153576
53.0,26.49071741104126,0.9664507791431385,9.892024351516262,11870429221.819511,629367735.5622997
53.5,27.351202487945557,0.9978435292945025,10.213342162686825,12256010595.224186,632917749.598032
54.0,27.903172254562378,1.0179808325895783,10.419455809514623,12503346971.417543,501455053.72122
54.5,28.470277786254883,1.0386703282516385,10.631221374121171,12757465648.945406,595096516.0708828
55.0,29.231223106384277,1.066431607273016,10.915369572907021,13098443487.488426,693124829.5546532
55.5,30.017094135284424,1.0951022414578797,11.20882539875005,13450590478.50006,606991397.4312744
56.0,30.585819244384766,1.1158508235472122,11.42119573743308,13705434884.9197,547602031.1413116
56.5,31.239153623580933,1.1396861734933017,11.665160424701146,13998192509.64137,652206668.4381161
57.0,32.04132032394409,1.1689513164692156,11.964701294464849,14357641553.357817,706334954.3106861
57.5,32.81545042991638,1.19719361102343,12.253772886626717,14704527463.952057,605033328.9595451
58.0,33.39154672622681,1.2182111133353386,12.468895735264475,14962674882.317362,687580102.7059803
58.5,34.34989285469055,1.2531740910520752,12.826756305548368,15392107566.658037,741274639.2335491
59.0,35.04581689834595,1.27856322354627,13.086624601292428,15703949521.55091,599672678.495472
59.5,35.68815612792969,1.301997441626248,13.32648353762793,15991780245.15351,679007784.062233
60.0,36.56112885475159,1.3338457739653369,13.652464421344291,16382957305.613144,725992132.7547665
60.5,37.30832099914551,1.3611053011013654,13.93147698159023,16717772377.908276,662590691.8583584
61.0,38.03980350494385,1.3877916994608048,14.204623331226259,17045547997.471502,730050787.3401413
61.5,38.9375433921814,1.4205436027039755,14.539852637707018,17447823165.248417,662348924.674181
62.0,39.5179386138916,1.4417179410780276,14.756580768454732,17707896922.145683,759302052.5894508
62.5,40.632044553756714,1.4823634448189664,15.172604348198227,18207125217.837868,827182970.4037437
63.0,41.36392664909363,1.5090644212517326,15.445899910457854,18535079892.549427,736452970.4062996
63.5,42.27555441856384,1.5423229908262126,15.786315156870142,18943578188.244167,770494281.3778992
64.0,43.08340501785278,1.5717954973272499,16.087978478272777,19305574173.927326,748516864.4424973
64.5,43.9459867477417,1.6032647388729058,16.410079210572217,19692095052.686665,741636702.4183273
65.0,44.7384831905365,1.6321770855158086,16.706009063621384,20047210876.345654,848841485.419239
65.5,45.840309143066406,1.6723745831441224,17.117447115088257,20540936538.105904,901602178.8372765
66.0,46.75054931640625,1.7055825295761435,17.45734421265244,20948813055.18293,754511365.8582764
66.5,47.52411913871765,1.7338043835144168,17.74620658663682,21295447903.96418,834173813.2952576
67.0,48.612138509750366,1.773498180875266,18.152489057065157,21782986868.478188,933162892.2616806
67.5,49.60661792755127,1.809779395659389,18.52384233018822,22228610796.22586,857316477.5474014
68.0,50.52537417411804,1.8432980307555833,18.86691945502132,22640303346.02559,876891500.0194893
68.5,51.56353831291199,1.8811729786193085,19.254585246871127,23105502296.24535,873695109.2182198
69.0,52.47516131401062,1.9144313742310999,19.59499871270317,23513998455.24381,846936086.5108337
69.5,53.45360851287842,1.9501276916627326,19.960365318963493,23952438382.756184,927609725.4627075
70.0,54.54526734352112,1.9899542660458556,20.36800681725543,24441608180.706516,981588442.595623
70.5,55.6441764831543,2.030045350697393,20.778355687793177,24934026825.351807,889704092.4324722
71.0,56.53078103065491,2.0623910075713994,21.10942689428249,25331312273.13899,1021776067.253746
71.5,57.924429416656494,2.1132349521729688,21.629835743837962,25955802892.605553,1133574213.084301
72.0,59.06052899360657,2.154682841420013,22.05407207185274,26464886486.22329,1011143866.5604973
72.5,60.180954933166504,2.1955589153087693,22.472455632638376,26966946759.16605,1033154295.4534416
73.0,61.36617422103882,2.2387988203081806,22.91503398473061,27498040781.67673,1084869076.0420265
73.5,62.602009773254395,2.2838853392498577,23.376513196006737,28051815835.208076,1092943117.1130943
74.0,63.80524754524231,2.327782605759805,23.825819915658197,28590983898.789825,994812883.2167358
74.5,64.82209014892578,2.36487968815842,24.20552393202068,29046628718.424812,1074578533.0840797
75.0,66.20333743095398,2.415271207995067,24.72130202656159,29665562431.873905,1221066370.3726425
75.5,67.54709053039551,2.4642948418129262,25.223079240664557,30267695088.797455,1202577003.280838
76.0,68.8870759010315,2.513181019012182,25.723449529295625,30868139435.154743,1204597997.4580193
76.5,70.23533916473389,2.5623691954393,26.2269109052129,31472293086.255474,1202511940.879074
77.0,71.57066917419434,2.61108553286542,26.725542813361518,32070651376.033817,1126623646.917694
77.5,72.74957585334778,2.654095137359182,27.16576394431097,32598916733.17317,1233247569.0346527
78.0,74.32285380363464,2.7114924391109914,27.7532491208904,33303898945.06847,1337196881.582138
78.5,75.7337396144867,2.7629652501346613,28.280094678962758,33936113614.755306,1176347988.0859032
79.0,76.94805812835693,2.8072667711409856,28.73353911096198,34480246933.15437,1275628298.7553978
79.5,78.58050346374512,2.8668226541249964,29.34311826125892,35211741913.510704,1247622406.9333572
80.0,79.73232245445251,2.9088440287721427,29.773224450073112,35727869340.08773,1265707831.5932846
80.5,81.40512824058533,2.9698723667472167,30.397874787586662,36477449745.10399,1359462645.6806335
81.0,82.76617574691772,3.019526945841308,30.906109988140305,37087331985.768364,1326431671.5454254
81.5,84.36526775360107,3.0778660120055394,31.503234513874506,37803881416.649414,1239961068.748932
82.0,85.53334259986877,3.1204804428552833,31.93941087876441,38327293054.517296,1289530713.1064072
82.5,87.24305701255798,3.182855304230953,32.57784344146319,39093412129.75582,1467584391.8904495
83.0,88.8084864616394,3.2399662720950304,33.16239787200645,39794877446.407745,1397813673.0506058
83.5,90.36249661445618,3.296660634111823,33.74268816900535,40491225802.80643,1389382803.7006607
84.0,91.9091112613678,3.3530851886963258,34.32021687509034,41184260250.108406,1358418442.2082062
84.5,93.39401960372925,3.407258535614942,34.874703537512204,41849644245.01463,1380044158.9357986
85.0,94.98889541625977,3.465443783969682,35.470253674203505,42564304409.044205,1470654076.602272
85.5,96.6760139465332,3.5269942883516427,36.10024860134742,43320298321.616905,1456398252.6864014
86.0,98.23907566070557,3.584018875042567,36.68391888477552,44020702661.730606,1424486586.897873
86.5,99.85497832298279,3.642971237968245,37.28732075709566,44744784908.51478,1484472839.2938843
87.0,101.55190873146057,3.704879705375077,37.92097958418708,45505175501.02449,1460355627.8680878
87.5,103.11399006843567,3.7618685253371713,38.50428378031906,46205140536.382866,1434324684.4183655
88.0,104.75282835960388,3.8216576400981395,39.11625015453572,46939500185.442856,1475612814.495926
88.5,106.40705060958862,3.882008001984048,39.73396112573232,47680753350.87879,1545995162.6461487
89.0,108.20295810699463,3.9475274129235802,40.40457945674085,48485495348.089005,1600826848.9343414
89.5,109.9795458316803,4.012341987934786,41.06798349984429,49281580199.81313,1557436102.8816833
90.0,111.67862010002136,4.07432866896653,41.7024428758089,50042931450.97069,1523596068.69973
90.5,113.37968850135803,4.136388101194756,42.33764689042739,50805176268.51286,1638347235.6251678
91.0,115.3348479270935,4.207717439733679,43.067732238829876,51681278686.595856,1698126548.9863815
91.5,117.16932320594788,4.274643904391397,43.75275234791603,52503302817.499245,1597064233.6186676
92.0,118.8989462852478,4.337745086087466,44.39861910017878,53278342920.21452,1606075963.8525696
92.5,120.75353264808655,4.4054052557817265,45.09114898445985,54109378781.351814,1697077324.277687
93.0,122.68623948097229,4.475915464905741,45.81285020374352,54975420244.49221,1714054765.0812073
93.5,124.5787136554718,4.544957881238755,46.51952795536084,55823433546.43302,1719858139.0146713
94.0,126.52437162399292,4.6159405817238515,47.246065319589064,56695278383.50688,1715373427.190895
94.5,128.4068374633789,4.684617867769214,47.94900581135326,57538806973.62392,1721992271.2599258
95.0,130.36726641654968,4.7561394524755976,48.68105887897235,58417270654.76681,1606419544.6145248
95.5,131.99181365966797,4.815407192359913,49.28768876519871,59145226518.23844,1678969464.306816
96.0,134.11414909362793,4.892835549694578,50.08020009922801,60096240119.07362,1862365738.4713745
96.5,136.14797377586365,4.967034802900457,50.83966021392483,61007592256.709816,1794909809.5473099
97.0,138.11977076530457,5.038971123355221,51.57595827385077,61891149928.62093,1691172029.9316177
97.5,139.9220883846283,5.10472439233739,52.248970238867855,62698764286.64143,1754458196.0636902
98.0,142.03511834144592,5.18181326148474,53.03800677057053,63645608124.68462,1852214721.7805405
98.5,144.05559492111206,5.25552554093569,53.79248250701832,64550979008.421974,1726070262.9466476
99.0,145.88711380958557,5.322344148726312,54.47639865635939,65371678387.63127,1779344511.3157806
99.5,148.0264801979065,5.4003938398986495,55.27526959978145,66330323519.737755,1880706498.336853
100.0,150.08420419692993,5.475465002799238,56.043654071640105,67252384885.968124,1844656479.191658
100.5,152.14311933517456,5.550579621579503,56.81248333244119,68174979998.92941,1851386217.7976532
101.0,154.21586179733276,5.626198697364931,57.58647591980481,69103771103.76578,1751519277.1642914
101.5,156.0519082546234,5.693182482728629,58.27208273007808,69926499276.0937,1898362340.2095184
102.0,158.45235395431519,5.780757031230323,59.16844453664608,71002133443.9753,3441384289.9809113
102.5,163.73189496994019,5.9733685203379085,61.13990297172886,73367883566.07462,3326213689.575592
103.0,165.875319480896,6.051566262456602,61.94028927795907,74328347133.55089,1962150416.2979584
103.5,168.11074018478394,6.133120266731501,62.775028318643805,75330033982.37257,583448102.6264954
104.0,167.1773750782013,6.0990686621454415,62.4264960301478,74911795236.17738,335530545.044754
104.5,168.8595290184021,6.160438045273894,63.054637106181104,75665564527.41733,1893239397.206665
105.0,171.40243458747864,6.253209903068019,64.00419552782004,76805034633.38405,2185394580.411972
105.5,173.73657846450806,6.338365587362436,64.87579925652442,77850959107.8293,2030013706.36792
106.0,175.93272733688354,6.41848685232814,65.69587361645998,78835048339.75197,1971056273.2311249
106.5,178.1352984905243,6.4988424189413365,66.5183461508837,79822015381.06042,2024219947.5677185
107.0,180.4500904083252,6.583292093059278,67.38272357276641,80859268287.31969,2024014183.715866
107.5,182.6522023677826,6.663630907065537,68.20502463731358,81846029564.77629,2085535225.0503693
108.0,185.1042881011963,6.753089419298796,69.12066959364171,82944803512.37006,2166582892.686203
108.5,187.4872705936432,6.840026864245072,70.01051038121875,84012612457.4625,2105004908.3958282
109.0,189.80193543434143,6.9244719022573555,70.87484035063822,85049808420.76588,2090535735.3563538
109.5,192.1526277065277,7.010231315365335,71.75262349401571,86103148192.81885,2019759059.9075012
110.0,194.3093433380127,7.088913952384825,72.55797290056117,87069567480.67339,2124592003.2019043
110.5,196.89398670196533,7.183208514292689,73.5231168300173,88227740196.02075,2234118093.042267
111.0,199.29512691497803,7.270808400460016,74.41973797809638,89303685573.71565,2072878397.7962341
111.5,201.51993870735168,7.3519753638466,75.25051549484749,90300618593.81699,2055910572.1259918
112.0,203.88321256637573,7.438193786207274,76.13299678820137,91359596145.84164,2113241979.3931274
112.5,206.23596835136414,7.524028481668857,77.01155047767512,92413860573.21011,2152876199.7145233
113.0,208.68769216537476,7.613473790134032,77.92706028796347,93512472345.55617,2208935845.3552856
113.5,211.16555380821228,7.7038726750782,78.8523303488045,94622796418.5654,2241853040.413559
114.0,213.69073748588562,7.795997991841036,79.79527115497478,95754325385.96973,2303616169.4367065
114.5,216.30643320083618,7.891425424873171,80.77201049000176,96926412588.0021,2286385743.7935333
115.0,218.79316449165344,7.982147897814892,81.70059260813605,98040711129.76326,2133815480.037201
115.5,221.06837582588196,8.065153568539534,82.55019005669945,99060228068.0393,2156373971.5261536
116.0,223.60544991493225,8.157712678663314,83.49757091774119,100197085101.28941,2259873830.011017
116.5,226.1116373538971,8.249144962866263,84.43341824837525,101320101898.05032,2296809402.929764
117.0,228.73113894462585,8.344711244218512,85.411578753516,102493894504.21918,2269121131.009857
117.5,231.17553567886353,8.433889241615983,86.32435252421682,103589223029.06018,2258450042.4443054
118.0,233.7712230682373,8.528586718507519,87.29362045555291,104752344546.66348,2306827623.946701
118.5,236.32358193397522,8.62170345733231,88.24670887750574,105896050653.00688,2284433658.071396
119.0,238.86929368972778,8.714577692168831,89.1973151706124,107036778204.73488,2277854129.2139435
119.5,241.40696930885315,8.807158747685811,90.14492065185067,108173904782.22083,2398135707.1229095
120.0,244.2211081981659,8.909825907657089,91.19576159321484,109434913911.85779,2343268551.6764526
120.5,246.63633918762207,8.997939862268137,92.0976444449144,110517173333.89728,2318339502.4987946
121.0,249.3948450088501,9.098577382152198,93.12771117863048,111753253414.35658,2479187327.646881
121.5,252.1690330505371,9.199787030527387,94.16363388462015,112996360661.54416,2437966182.9977417
122.0,254.8355474472046,9.297068462217931,95.15934966446194,114191219597.35432,2351378809.7494965
122.5,257.41650223731995,9.391228455287825,96.12311622607807,115347739471.29366,2336260294.710266
123.0,260.049277305603,9.487278987878925,97.10623324338717,116527479892.06459,2550351279.2966156
123.5,263.1080095767975,9.598869555277226,98.24840895882525,117898090750.59027,2545137313.0322113
124.0,265.7291488647461,9.694495584114964,99.22718100424734,119072617205.0968,2391345820.5166473
124.5,268.4446713924408,9.793564960830954,100.2411971425891,120289436571.10692,2479565095.5493164
125.0,271.26268577575684,9.896373508977605,101.29348525053845,121552182300.64612,2558522967.387726
125.5,274.15441513061523,10.001871372425772,102.3732996154122,122847959538.49464,2545493820.806671
126.0,276.94335293769836,10.103619130888282,103.41473010121067,124097676121.45279,2375455851.2852173
126.5,279.45561599731445,10.195273069651243,104.35284615814989,125223415389.77986,2457430738.2721252
127.0,282.4274935722351,10.303694950162603,105.46258904977076,126555106859.72491,2684914107.8072357
127.5,285.44742131233215,10.413869826595217,106.5902745813226,127908329497.5871,2672762609.223526
128.0,288.3921809196472,10.521302372596885,107.6898912241237,129227869468.94844,2575353723.991577
128.5,291.19472551345825,10.623546542290196,108.7364026846489,130483683221.57867,2493066024.6691895
129.0,293.9558472633362,10.724279498105368,109.76744624468137,131720935493.61763,2463732069.2737885
129.5,296.69292855262756,10.824135394930238,110.78951274237704,132947415290.85246,2559431917.98555
130.0,299.6676194667816,10.932659913428026,111.90030617633599,134280367411.60318,2676097671.6134186
130.5,302.6650586128235,11.04201434702743,113.01959413538826,135623512962.46588,2614831003.9711456
131.0,305.5030233860016,11.14555073766801,114.07933201297861,136895198415.57433,2605202836.86026
131.5,308.47897577285767,11.254121277995136,115.19059649943843,138228715799.32614,2495389361.370102
132.0,311.0718746185303,11.348717021506225,116.15882314745367,139390587776.94443,2565431654.3072205
132.5,314.20413732528687,11.462990171849983,117.32845621136114,140794147453.63336,2672229824.0059204
133.0,317.0353729724884,11.56628106634404,118.3856813341253,142062817600.95035,2586919660.959503
133.5,319.9772527217865,11.67360854757977,119.48422259549405,143381067114.59286,2566954477.7465515
134.0,322.7639329433441,11.775273943407239,120.52481006558075,144629772078.6969,2571645808.100708
134.5,325.7162821292877,11.882983377122635,121.62726076891128,145952712922.69357,2680823830.116913
135.0,328.74661016464233,11.993537683575925,122.75882992401152,147310595908.8138,2671928442.9954834
135.5,331.6791079044342,12.100522884523185,123.85386780474091,148624641365.68906,2656626706.2502136
136.0,334.67528772354126,12.209831374576462,124.97268551255335,149967222615.06403,2616915458.027893
136.5,337.519163608551,12.313583418064288,126.03463068643079,151241556823.71695,2601301015.7818604
137.0,340.4804973602295,12.421620632278035,127.14043635903822,152568523630.8459,2683302825.141876
137.5,343.5073730945587,12.53204898974459,128.27071637404904,153924859648.85883,2590308888.600128
138.0,346.26117634773254,12.632514947624896,129.29902709953836,155158832519.446,2648650098.529541
138.5,349.4182496070862,12.747693251933203,130.47792478949032,156573509747.38837,2743804021.3415527
139.0,352.3844037055969,12.855906325029121,131.58553045065634,157902636540.78757,2587190059.873871
139.5,355.1919684410095,12.958333642641266,132.6339165060519,159160699807.26224,2696687304.314453
140.0,358.4024827480316,13.075461616388722,133.83276987091836,160599323845.10202,2751691956.166565
140.5,361.3327989578247,13.182367229405829,134.9269931361907,161912391763.4288,2718924864.022003
141.0,364.4701883792877,13.296827415734516,136.09854059093672,163318248709.12402,2677013886.9786377
141.5,367.306973695755,13.400320776704005,137.1578380420062,164589405650.40744,2581315961.2934875
142.0,370.2307982444763,13.506989556916494,138.24963722534795,165899564670.4175,2516500347.963623
142.5,372.9229373931885,13.605205846700711,139.25492166530924,167105905998.37106,2626678771.1785583
143.0,376.0926423072815,13.720844986869947,140.4385362013301,168526243441.59607,2877154274.7128296
143.5,379.3437566757202,13.83945415723358,141.65255022756992,169983060273.0839,2764139494.019989
144.0,382.26125144958496,13.945892010674742,142.74198577968008,171290382935.61606,2655080379.1517944
144.5,385.2689833641052,14.055621951436189,143.86511721019642,172638140652.2357,2652757790.294586
145.0,388.1812949180603,14.161870707434558,144.9526172715922,173943140725.91064,2692222036.426819
145.5,391.2770974636078,14.274813695568605,146.1086355738854,175330362688.6625,2704464237.767639
146.0,394.2167294025421,14.382059170792807,147.20633746973192,176647604963.67828,2655994778.325165
146.5,397.2043647766113,14.491055937103912,148.3219645558231,177986357466.98767,2507860830.2218933
147.0,399.8134126663208,14.586240840053371,149.29622149491684,179155465793.90018,2584127639.9293823
147.5,402.9712493419647,14.701446995788164,150.47540425576423,180570485106.91705,2781359236.181732
148.0,406.02045035362244,14.812689837865836,151.61402085840163,181936825030.0819,2646774933.8735657
148.5,408.8779411315918,14.916938588321035,152.68105003399216,183217260040.79062,2564825366.737549
149.0,411.74425888061523,15.021509369807717,153.7513753306829,184501650396.81946,2646756451.450653
149.5,414.7845916748047,15.132428676076643,154.88668041020108,185864016492.24127,2661120178.528717
150.0,417.6829643249512,15.238168904342931,155.96897547945684,187162770575.34818,2550189531.388153
150.5,420.47573804855347,15.340056607090496,157.01183835302453,188414206023.62943,2650015340.618164
151.0,423.596887588501,15.453924319991593,158.17732159663865,189812785915.96634,2741163064.7384644
151.5,426.59307169914246,15.563232966611288,159.2961409069733,191155369088.3679,2613838615.383545
152.0,429.4300768375397,15.666734347260736,160.3555204427916,192426624531.34988,2609623447.795624
152.5,432.4168541431427,15.77569980898598,161.47082711346962,193764992536.1635,2662842783.0702515
153.0,435.37262654304504,15.883534130515706,162.57455609535012,195089467314.42014,2606729720.022522
153.5,438.2341787815094,15.987931053691145,163.64310188015506,196371722256.18604,2608961178.783386
154.0,441.19493103027344,16.095947053154987,164.74869041100297,197698428493.20352,2607097659.1220093
154.5,444.0523245334625,16.20019225477133,165.81568326275675,198978819915.30804,2648135475.2302856
155.0,447.10465908050537,16.311549416429987,166.95546997369487,200346563968.4338,2642233385.9286804
155.5,449.948881149292,16.415314089609023,168.01754441769728,201621053301.23672,2728924816.2858276
156.0,453.19468116760254,16.533729378555922,169.22957398726635,203075488784.71964,2759286949.9315186
156.5,456.1066610813141,16.63996603544928,170.31695020930687,204380340251.16824,2649100300.435852
157.0,459.10656237602234,16.749410294683077,171.43715757096294,205724589085.1555,2671157736.6469727
157.5,462.06776690483093,16.857442794507957,172.54291498984605,207051497987.81522,2650951854.598053
158.0,465.02257561683655,16.965241958178268,173.64628411646135,208375540939.75354,2605766924.6783752
158.5,467.88294291496277,17.06959565162552,174.714387427078,209657264912.4936,2593600896.5599365
159.0,470.81060123443604,17.176404297839856,175.80761819692793,210969141836.31348,2706633732.3363647
159.5,473.9232189655304,17.289960747999906,176.96991553735833,212363898644.82996,2720288503.5884705
160.0,476.8813500404358,17.397881120173682,178.0745252832516,213689430339.90195,2703500694.579834
160.5,479.9565031528473,17.510070762883615,179.22283278284152,215067399339.4098,2749144266.3561096
161.0,483.01649498939514,17.621707282526177,180.3654788385484,216438574606.25806,2658888185.593811
161.5,485.89022755622864,17.726548575994045,181.43857293750304,217726287525.0036,2690228926.136139
162.0,489.020161151886,17.840736754262426,182.60733627699517,219128803532.3942,2599759389.4153137
162.5,491.69199681282043,17.938212319615605,183.6050390953491,220326046914.4189,2582268500.495453
163.0,494.78289675712585,18.0509764480111,184.75922669407473,221711072032.88965,2736912641.6618958
163.5,497.79984498023987,18.16104262385758,185.88579963006737,223062959556.0808,2621780181.285187
164.0,500.63380885124207,18.264433051104067,186.94404351181237,224332852214.17484,2637741729.8420105
164.5,503.68637776374817,18.375798763028882,188.08391773826904,225700701285.92282,2722863115.771942
165.0,506.7103033065796,18.486119489779835,189.213096108289,227055715329.94678,2519575160.7464905
165.5,509.30920338630676,18.580934174032993,190.1835637055578,228220276446.6693,2551097947.8119507
166.0,512.4034769535065,18.693821381030858,191.339011064799,229606813277.75873,2673699550.542633
166.5,515.2759816646576,18.79861787910634,192.41164666434332,230893975997.21194,2714586729.563141
167.0,518.4615013599396,18.914833983929455,193.60116667276824,232321400007.32187,2746982250.224457
167.5,521.4063017368317,19.022268017312115,194.70079853953038,233640958247.4364,2612466856.3712463
168.0,524.2916293144226,19.12753232715235,195.77822238641093,234933866863.6931,2582099380.984894
168.5,527.1686599254608,19.232493941913965,196.85254802368442,236223057628.4213,2593153258.689148
169.0,530.0786559581757,19.338658221630624,197.93918343531857,237527020122.38226,2611795826.9042664
169.5,532.9972903728485,19.445137652154422,199.02904454610464,238834853455.32556,2675771077.586914
170.0,536.0500571727753,19.556510583530823,200.168992666641,240202791199.96918,2666431471.308716
170.5,538.9478487968445,19.662229614443472,201.25107077219522,241501284926.63428,2599036758.7330933
171.0,541.850213766098,19.76811549297101,202.3348566322519,242801827958.70227,2587050747.276306
171.5,544.7212567329407,19.87285866278422,203.4069463949255,244088335673.91058,2672617313.876404
172.0,547.8145768642426,19.985711085942448,204.56203772714895,245474445272.57867,2526924968.6132507
172.5,550.3604846000671,20.078592470645482,205.5127172021032,246615260642.52383,2545636872.622711
173.0,553.4955632686615,20.192968354655147,206.68340178766783,248020082145.2014,2735179887.8129883
173.5,556.4644658565521,20.301281699844925,207.79203377528071,249350440530.33682,2623744659.845703
174.0,559.3508594036102,20.40658489904425,208.86985567087262,250643826805.0471,2655597993.8258057
174.5,562.3908476829529,20.517491636508908,210.0050321034689,252006038524.16263,2599593047.6098633
175.0,565.1522574424744,20.618235099670486,211.03618321054748,253243419852.65695,2564859874.3825073
175.5,568.1147332191467,20.726313977948216,212.14241533212095,254570898398.54514,2595139424.716919
176.0,570.9437165260315,20.82952270116619,213.1987993978116,255838559277.37387,2534451053.923065
176.5,573.7707567214966,20.932660534588454,214.25445787705684,257105349452.4682,2590663900.6872253
177.0,576.7251877784729,21.040445920413806,215.35768598171757,258429223178.0611,2626358266.7364197
177.5,579.6318855285645,21.146489870138577,216.44308976600388,259731707719.20462,2554680119.126648
178.0,582.426355600357,21.248439460112703,217.48658608098984,260983903297.18774,2652938447.965088
178.5,585.552332162857,21.362483275443733,218.65387180597477,262384646167.1697,2663917754.9691772
179.0,588.3713042736053,21.465326763996444,219.70651754346414,263647821052.15692,2643092872.00766
179.5,591.4508068561554,21.577675086773024,220.85644919931448,265027739039.17737,2622593087.3852234
180.0,594.2240304946899,21.67884955119439,221.8920117829518,266270414139.54214,2548418530.6757812
180.5,597.1380009651184,21.78515882881221,222.98013130821099,267576157569.85315,2541274807.1654053
181.0,599.8952822685242,21.885751675077774,224.009740788923,268811688946.70755,2535503056.3369446
181.5,602.7963721752167,21.99159103598231,225.0930505218251,270111660626.1901,2664180248.1072693
182.0,605.8408167362213,22.10266035027784,226.22989099567909,271475869194.81482,2592583722.295471
182.5,608.5821278095245,22.202670560705865,227.2535369570713,272704244348.48557,2500708132.5870667
183.0,611.4215376377106,22.306259670739305,228.3138144395016,273976577327.4019,2605761369.268036
183.5,614.3972914218903,22.41482296552044,229.42500476479466,275310005717.7536,2666014388.1947327
184.0,617.3711652755737,22.52331767551149,230.53549309633053,276642591715.5966,2676644131.687195
184.5,620.3706409931183,22.632746408575308,231.6555415412007,277986649849.4408,2608699540.3237305
185.0,623.1928858757019,22.735709296419515,232.70940937993367,279251291255.92035,2536266070.5787964
185.5,626.0307149887085,22.839240737821598,233.76909660001635,280522915920.0196,2608335981.451599
186.0,629.0137951374054,22.948071317576034,234.88302269781,281859627237.37195,2617948871.184143
186.5,631.873076915741,23.05238540841717,235.95072065933644,283140864791.20374,2524165425.366577
187.0,634.6468646526337,23.153580452624627,236.98649388561546,284383792662.7385,2535964689.5683594
187.5,637.5324783325195,23.258855200226193,238.0640245673101,285676829480.7721,2648143487.8413696
188.0,640.556610584259,23.369183468259713,239.19328012548328,287031936150.5799,2583969738.07428
188.5,643.299010515213,23.46923340306774,240.21733268237193,288260799218.8464,2533980873.906433
189.0,646.2115848064423,23.575491744410265,241.30493085373865,289565917024.4863,2675773000.6134644
189.5,649.270416021347,23.687085921534358,242.44714351621656,290936572219.45984,2648659606.828003
190.0,652.1224825382233,23.79113678073284,243.51214719276197,292214576631.31433,2552096746.4884033
190.5,654.96581864357,23.89486913164429,244.57389080495693,293488668965.94824,2589621086.067383
191.0,657.9016265869141,24.00197509749016,245.6701647644848,294804197717.3817,2568829749.237488
191.5,660.6985635757446,24.10401468706137,246.71458226265474,296057498715.1857,2451655782.399109
192.0,663.3728795051575,24.201580739107158,247.71321124981745,297255853499.7808,4000150131.8501587
192.5,669.6255235671997,24.429693576962837,250.04804070586323,300057648847.0359,2947696020.4056396
193.0,669.951123714447,24.44157232343518,250.16962460015537,300203549520.18646,1388014677.0720215
193.5,672.7230951786041,24.54270110525445,251.2047196034233,301445663524.1079,2493268156.137329
194.0,675.5152411460876,24.64456590581403,252.24734806360317,302696817676.3238,3033726677.437866
194.5,679.4933302402496,24.789697018909187,253.73282516795484,304479390201.5458,2337030146.380249
195.0,680.7306890487671,24.83483911023182,254.1948731855867,305033847822.70404,1952095230.4353027
195.5,683.8497357368469,24.948630105587128,255.3595711933176,306431485431.9811,2566883005.2559814
196.0,686.4590895175934,25.043826168243076,256.3339423566334,307600730827.96,2450643949.8754272
196.5,689.3187305927277,25.148153367172817,257.40177448488043,308882129381.8565,2527637770.4924927
197.0,692.0999081134796,25.24961801005734,258.4403071653771,310128368598.4525,2526699867.660034
197.5,694.957456111908,25.353868848064806,259.50735770793045,311408829249.51654,2530457034.4001465
198.0,697.7470183372498,25.45563938694142,260.5490213607105,312658825632.85266,2524877158.897705
198.5,700.5921139717102,25.55943593008506,261.61142200701187,313933706408.41425,2480176724.859741
199.0,703.2819201946259,25.65756710862375,262.61583529809366,315139002357.7124,2465455314.82428
199.5,706.0941627025604,25.76016508363367,263.6659681026988,316399161723.2385,2553587839.987976
200.0,708.9806504249573,25.865471718596105,264.7438251647503,317692590197.7004,2647203768.8170776
200.5,712.001811504364,25.975691590478192,265.87197124337973,319046365492.0556,2447327369.908325
201.0,714.4422438144684,26.064724955296143,266.7832646396739,320139917567.6087,2510270809.956909
201.5,717.6038730144501,26.18006947225552,267.9638635850105,321556636302.0125,2533190616.7869873
202.0,720.095454454422,26.270968891346218,268.8942568203298,322673108184.3957,2394903633.4938354
202.5,722.9484746456146,26.375054543082474,269.959616612922,323951539935.50635,2496999789.3569336
203.0,725.6678996086121,26.474266290863028,270.9750899781272,325170107973.7526,2465772186.8826904
203.5,728.4512305259705,26.575809495297843,272.0144267686576,326417312122.38904,2507600580.614929
204.0,731.264002084732,26.67842677146809,273.0647571286396,327677708554.36755,2507079974.56604
204.5,734.0461711883545,26.77992758989376,274.1036600807959,328924392096.9551,2463717860.2435303
205.0,736.7621734142303,26.87901446725625,275.1178553455092,330141426414.6111,2440525945.142151
205.5,739.4925861358643,26.97862707726075,276.13743170174774,331364918042.0972,2347631151.3077393
206.0,742.0012791156769,27.07015077015856,277.07421463826574,332489057565.9188,2325871677.3930054
206.5,744.6831321716309,27.167991796328497,278.0756580995752,333690789719.49023,2443891775.958496
207.0,747.4552054405212,27.269124292251178,279.11079111823113,334932949341.8773,2473032680.8448486
207.5,750.2020909786224,27.369337873760617,280.13651866694596,336163822400.3351,2597017260.243347
208.0,753.2508552074432,27.48056478085599,281.2749721684339,337529966602.12067,2491445661.0446777
208.5,755.7621412277222,27.572183074664,282.2127233844831,338655268061.37976,2275271183.914856
209.0,758.3284783363342,27.665809776413056,283.1710314883629,339805237786.0355,2338788647.4193115
209.5,760.9815135002136,27.762599450374726,284.1617139239993,340994056708.7991,2421241727.0338135
210.0,763.7318575382233,27.862939207022396,285.1887329275578,342226479513.06934,2440271144.110718
210.5,766.4273598194122,27.96127819269107,286.1952732107581,343434327852.9098,2327250914.842285
211.0,768.9254815578461,28.052416219005806,287.1281086899264,344553730427.9116,2176337231.7124634
211.5,771.2841963768005,28.13846831563966,288.00888757051854,345610665084.62225,2504999152.8930054
212.0,774.5157785415649,28.256364900037177,289.2156079840039,347058729580.8046,2479536463.819092
212.5,776.8176693916321,28.340343909402268,290.07516795703447,348090201548.44135,2324168303.117981
213.0,779.7025232315063,28.445590936049367,291.1524149032689,349382897883.9226,2436095505.4039307
213.5,782.2541971206665,28.538682685133903,292.1052475448711,350526297053.8453,2241582427.82959
214.0,784.7049646377563,28.628093105381826,293.0204002597935,351624480311.7522,2359101898.456421
214.5,787.5189015865326,28.73075289803323,294.0711657935848,352885398952.3017,2412715454.1950073
215.0,790.0893161296844,28.824528355277533,295.0309964716227,354037195765.9472,2255833016.8395996
215.5,792.5531454086304,28.91441530282092,295.9510266409511,355141231969.1413,2281548690.7529907
216.0,795.1809484958649,29.010284444516344,296.9322870472502,356318744456.7002,2385918825.6330566
216.5,797.8776960372925,29.10866886054121,297.93929232897864,357527150794.77435,2420373266.8305664
217.0,800.5823895931244,29.207343167990796,298.949264769609,358739117723.53076,2362546146.026245
217.5,803.1500868797302,29.301019492596847,299.9080807840005,359889696940.8006,2228411618.285095
218.0,805.5554382801056,29.388773013912843,300.8062744515133,360967529341.81586,2251178330.82666
218.5,808.1739430427551,29.484302928364986,301.78406272635607,362140875271.62726,2332504409.987915
219.0,810.7607862949371,29.578677747959357,302.75002812650314,363300033751.8038,2378628631.5925903
219.5,813.4822244644165,29.67796294278715,303.76625325268327,364519503903.21985,2255065942.874756
220.0,815.793318271637,29.762277700141745,304.62924974556546,365555099694.6785,2214375339.9121704
220.5,818.4239490032196,29.858250001711664,305.6115660359434,366733879243.132,2357481748.501526
221.0,821.054407119751,29.954216005832244,306.5938178693167,367912581443.18005,2357404400.0960693
