index,Mean Intensity (A.U.),Time (s),Time (min),Time (h),Protein Concentration (nanograms per microliter),Protein Concentration (nM),Protein Mass (ug),Number of Protein Molecules,Rate of Change of Number of Protein Molecules (PM per min)
1,0.3000962734222410,180,3.0,0.05,0.01094829833283400,0.13685372916042500,0.0218965966656679,164224474.99250900,-28669159.89003490
2,0.0,360,6.0,0.1,0.0,0.0,0.0,0.0,-17354272.516554300
3,0.09335875511169430,540,9.0,0.15,0.003405971994549170,0.04257464993186130,0.006811943989098350,51089579.91823760,-4804488.730783240
4,0.06473898887634280,720,12.0,0.2,0.002361847936001920,0.02952309920001640,0.00472369587200383,35427719.04002870,5225314.0717599100
5,0.27349400520324700,900,15.0,0.25,0.009977777887943520,0.12472222359928900,0.019955555775887000,149666668.31915300,10516416.133889000
6,0.5211026668548580,1080,18.0,0.3,0.01901119062126760,0.23763988276583700,0.0380223812425351,285167859.31901300,11733820.440872600
7,0.392963171005249,1260,21.0,0.35,0.014336326076027200,0.17920407595033800,0.02867265215205440,215044891.14040800,11973957.01460300
8,0.45076918601989700,1440,24.0,0.4,0.01644524096055870,0.20556551200697700,0.03289048192111730,246678614.40838000,14519260.838893000
9,0.3494455814361570,1620,27.0,0.45,0.012748690388669100,0.15935862985836000,0.025497380777338200,191230355.83003700,20620368.237223400
10,0.6288278102874760,1800,30.0,0.5,0.022941286102954100,0.2867660762869240,0.04588257220590820,344119291.5443110,29161408.14060210
11,0.7804825305938720,1980,33.0,0.55,0.028474047648315600,0.3559255956039420,0.05694809529663130,427110714.72473400,38082051.01747370
12,0.9932377338409420,2160,36.0,0.6,0.03623591489994340,0.45294893624928500,0.07247182979988680,543538723.4991510,45985239.9329769
13,1.438800573349000,2340,39.0,0.65,0.05249121469866890,0.6561401837333530,0.10498242939733800,787368220.4800340,52834187.90147040
14,1.5812077522277800,2520,42.0,0.7,0.057686601703386600,0.7210825212923280,0.11537320340677300,865299025.5507990,59613165.7415594
15,1.9741973876953100,2700,45.0,0.75,0.07202389327233720,0.9002986659042060,0.14404778654467400,1080358399.0850600,67338603.94335370
16,2.243594169616700,2880,48.0,0.8,0.08185219371987660,1.0231524214984600,0.16370438743975300,1227782905.798150,76134936.00287980
17,2.864215850830080,3060,51.0,0.85,0.10449409873343400,1.3061762341679100,0.20898819746686800,1567411481.0015100,84914352.89076570
18,3.203559637069700,3240,54.0,0.9,0.1168742491657500,1.4609281145718800,0.2337484983315010,1753113737.4862600,91659029.03804180
19,3.7716588973999000,3420,57.0,0.95,0.13759999865217000,1.719999983152110,0.2751999973043390,2063999979.7825400,94452581.5678299
20,4.6757636070251500,3600,60.0,1.0,0.17058410729243300,2.1323013411554000,0.3411682145848650,2558761609.3864900,93262114.37359760
21,5.047461748123170,3780,63.0,1.05,0.18414462936121300,2.3018078670151500,0.36828925872242600,2762169440.418190,90851931.87917520
22,5.250023603439330,3960,66.0,1.1,0.19153461657286100,2.394182707160760,0.38306923314572200,2873019248.5929200,91006512.5465934
23,5.784300088882450,4140,69.0,1.15,0.2110264226127820,2.6378302826597600,0.4220528452255630,3165396339.191720,95426805.86127530
24,6.307080268859860,4320,72.0,1.2,0.23009881330799100,2.876235166349880,0.4601976266159810,3451482199.6198600,102773325.57306500
25,6.954911470413210,4500,75.0,1.25,0.2537333929148650,3.1716674114358100,0.5074667858297300,3806000893.7229800,110702286.29601700
26,7.645803928375240,4680,78.0,1.3,0.27893895997977300,3.4867369997471700,0.5578779199595460,4184084399.696600,118270886.03020200
27,8.30535101890564,4860,81.0,1.35,0.3030009659131810,3.7875120739147500,0.606001931826361,4545014488.697710,126200977.66682500
28,8.775125980377200,5040,84.0,1.4,0.3201395873590040,4.001744841987550,0.6402791747180090,4802093810.385060,135151364.1385570
29,9.758628606796270,5220,87.0,1.45,0.3560203400333680,4.450254250417090,0.7120406800667350,5340305100.500520,144171122.35975200
30,10.454688310623200,5400,90.0,1.5,0.38141442176606100,4.767680272075750,0.7628288435321210,5721216326.490910,151073522.890755
31,11.549941539764400,5580,93.0,1.55,0.4213721292240470,5.267151615300580,0.8427442584480950,6320581938.36071,154339123.34063100
32,12.389700889587400,5760,96.0,1.6,0.4520087505482740,5.650109381853430,0.9040175010965490,6780131258.224120,154594594.17027000
33,13.202585458755500,5940,99.0,1.65,0.48166490945994200,6.020811368249270,0.9633298189198850,7224973641.899140,154150431.01934100
34,13.944984197616600,6120,102.0,1.7,0.5087495606029930,6.3593695075374000,1.0174991212059900,7631243409.044890,155042549.74981200
35,14.697018384933500,6300,105.0,1.75,0.5361857381514260,6.702321726892810,1.072371476302850,8042786072.271380,157591855.9659330
36,15.836640357971200,6480,108.0,1.8,0.5777621336367320,7.222026670459140,1.1555242672734600,8666432004.550980,160820834.42995100
37,16.534942150116000,6660,111.0,1.85,0.6032380126257280,7.540475157821590,1.2064760252514600,9048570189.385920,163832165.35754400
38,17.488845586776700,6840,114.0,1.9,0.6380389093052520,7.975486366315640,1.2760778186105000,9570583639.578780,166486220.26741700
39,18.47922396659850,7020,117.0,1.95,0.6741705074788200,8.427131343485240,1.3483410149576400,10112557612.182300,169088085.02141500
40,19.32412886619570,7200,120.0,2.0,0.7049948519405970,8.812435649257450,1.4099897038811900,10574922779.109000,171826369.50146600
41,20.263179540634200,7380,123.0,2.05,0.7392538809387200,9.240673511734000,1.4785077618774400,11088808214.080800,174462786.6375910
42,21.27432894706730,7560,126.0,2.1,0.776143260584969,9.70179075731211,1.552286521169940,11642148908.774500,176674528.41375700
43,22.324286937713600,7740,129.0,2.15,0.8144484790651900,10.180605988314900,1.6288969581303800,12216727185.977900,179132020.98166600
44,23.258074283599900,7920,132.0,2.2,0.8485154880473480,10.606443600591800,1.6970309760947000,12727732320.710200,184357717.46086800
45,24.144497871398900,8100,135.0,2.25,0.8808545430373130,11.010681787966400,1.7617090860746300,13212818145.55970,195907297.60633000
46,25.112878799438500,8280,138.0,2.3,0.916183616534624,11.452295206682800,1.832367233069250,13742754248.01940,215151464.82827900
47,26.326542139053300,8460,141.0,2.35,0.9604612350674980,12.005765438343700,1.9209224701350000,14406918526.012500,236955246.54235200
48,27.058568954467800,8640,144.0,2.4,0.9871674912678710,12.339593640848400,1.9743349825357400,14807512369.018100,248781849.75391000
49,30.067853689193700,8820,147.0,2.45,1.0969540829789500,13.711926037236800,2.1939081659578900,16454311244.684200,238193085.51300200
50,31.62102198600770,9000,150.0,2.5,1.1536177318830200,14.42022164853770,2.3072354637660400,17304265978.245300,205292470.8743310
51,32.93903660774230,9180,153.0,2.55,1.201702358597080,15.021279482463400,2.403404717194150,18025535378.956100,166711477.3066020
52,31.892119646072400,9360,156.0,2.6,1.1635080848216800,14.543851060270900,2.3270161696433500,17452621272.32510,143634236.47175600
53,32.677231311798100,9540,159.0,2.65,1.1921510154483400,14.901887693104200,2.384302030896680,17882265231.72510,145152692.394171
54,33.715351581573500,9720,162.0,2.7,1.230024362855330,15.375304535691600,2.460048725710650,18450365442.829900,164076898.5520220
55,34.716312646865800,9900,165.0,2.75,1.2665420451224200,15.831775564030200,2.533084090244840,18998130676.836300,186822435.7413140
56,35.99131107330320,10080,168.0,2.8,1.3130573283258500,16.413216604073100,2.626114656651700,19695859924.88780,204663634.87526800
57,37.3535692691803,10260,171.0,2.85,1.362756076546650,17.034450956833100,2.72551215309329,20441341148.199700,216931147.45235400
58,38.3117036819458,10440,174.0,2.9,1.397711330320000,17.471391628999900,2.795422660639990,20965669954.799900,227053392.18492800
59,39.508649826049800,10620,177.0,2.95,1.4413790617601200,18.017238272001600,2.882758123520250,21620685926.401900,236726465.35546700
60,40.91127848625180,10800,180.0,3.0,1.4925506302936300,18.656882878670300,2.9851012605872500,22388259454.404400,243279946.91682800
61,42.100345849990800,10980,183.0,3.05,1.53593092318295,19.199136539786900,3.0718618463659,23038963847.74430,242821551.4525620
62,44.87510681152340,11160,186.0,3.1,1.6371614731752100,20.464518414690100,3.274322946350410,24557422097.628100,236044769.5948480
63,44.61576771736150,11340,189.0,3.15,1.6277001035291500,20.346251294114300,3.2554002070583000,24415501552.937200,229412122.43858500
64,46.09058117866520,11520,192.0,3.2,1.6815051627373100,21.01881453421640,3.363010325474620,25222577441.05960,229496499.33202800
65,47.39221453666690,11700,195.0,3.25,1.7289921580300500,21.61240197537560,3.4579843160601000,25934882370.450800,237250774.10174600
66,48.60140371322630,11880,198.0,3.3,1.7731065473719700,22.16383184214960,3.5462130947439300,26596598210.579500,248433987.18595400
67,50.0490505695343,12060,201.0,3.35,1.825920497651010,22.824006220637600,3.651840995302020,27388807464.765200,258398904.91385300
68,51.90262985229490,12240,204.0,3.4,1.8935439264253800,23.669299080317300,3.7870878528507700,28403158896.380800,266125764.70723100
69,53.038984060287500,12420,207.0,3.45,1.935001105280010,24.187513816000200,3.870002210560030,29025016579.200200,274962982.820143
70,54.457653284072900,12600,210.0,3.5,1.9867578756007100,24.834473445008900,3.9735157512014200,29801368134.010700,290050783.6987620
71,56.11512613296510,12780,213.0,3.55,2.047226827851620,25.59033534814520,4.094453655703230,30708402417.77430,313637614.89574800
72,57.491642475128200,12960,216.0,3.6,2.09744575060651,26.21807188258140,4.19489150121302,31461686259.09770,340900756.5691040
73,59.25466299057010,13140,219.0,3.65,2.1617653582772300,27.022066978465400,4.323530716554470,32426480374.15850,360376791.6862650
74,62.75519347190860,13320,222.0,3.7,2.2894738819314000,28.61842352414250,4.5789477638628000,34342108228.971000,360973972.5243730
75,64.75748181343080,13500,225.0,3.75,2.362522606800090,29.531532585001200,4.725045213600180,35437839102.00140,339900105.56571100
76,66.08251690864560,13680,228.0,3.8,2.4108633587809600,30.135791984762000,4.821726717561920,36162950381.71440,303100810.2638590
77,67.68216896057130,13860,231.0,3.85,2.4692228568630000,30.865285710787500,4.938445713726000,37038342852.94500,259901272.62372300
78,69.38421630859380,14040,234.0,3.9,2.531318003631250,31.64147504539060,5.062636007262490,37969770054.4687,220790279.40815200
79,70.8656268119812,14220,237.0,3.95,2.5853637402194500,32.31704675274310,5.170727480438900,38780456103.291700,197822544.45527800
80,69.56346487998960,14400,240.0,4.0,2.5378574611626500,31.723218264533100,5.075714922325290,38067861917.4397,199235035.71421600
81,71.26793432235720,14580,243.0,4.05,2.6000409722787000,32.50051215348380,5.200081944557410,39000614584.18060,221091830.41387500
82,72.9428608417511,14760,246.0,4.1,2.661146680159650,33.2643335019956,5.322293360319300,39917200202.39470,248887947.57587800
83,74.82268786430360,14940,249.0,4.15,2.7297276952529900,34.12159619066240,5.459455390505990,40945915428.794900,269859875.29701200
84,76.31226754188540,15120,252.0,4.2,2.784071464719750,34.800893308996900,5.568142929439510,41761071970.79630,281594342.336452
85,77.5064525604248,15300,255.0,4.25,2.827638463064900,35.34548078831120,5.655276926129800,42414576945.973500,288791923.3340210
86,79.2465398311615,15480,258.0,4.3,2.891121405881680,36.13901757352090,5.78224281176335,43366821088.22510,295542390.3792420
87,81.0369942188263,15660,261.0,4.35,2.956441873090230,36.955523413627800,5.91288374618045,44346628096.35340,302411864.53607900
88,82.5571722984314,15840,264.0,4.4,3.0119019524332800,37.64877440541590,6.023803904866550,45178529286.49910,308277813.9825080
89,84.41718792915340,16020,267.0,4.45,3.079760196045070,38.49700245056340,6.159520392090150,46196402940.676100,312104564.106338
90,85.95108532905580,16200,270.0,4.5,3.1357207921383800,39.19650990172980,6.271441584276760,47035811882.07570,313387104.16049800
91,88.02488851547240,16380,273.0,4.55,3.2113785659239500,40.142232074049300,6.4227571318478900,48170678488.859200,312840517.892798
92,89.67372250556950,16560,276.0,4.6,3.271532349971440,40.894154374643,6.543064699942880,49072985249.57160,313005324.1761570
93,91.06505537033080,16740,279.0,4.65,3.3222918182913000,41.528647728641200,6.644583636582600,49834377274.369500,316830490.6342360
94,92.80850982666020,16920,282.0,4.7,3.3858976048608200,42.32372006076020,6.771795209721630,50788464072.91220,324808839.28597300
95,94.63819551467900,17100,285.0,4.75,3.4526493326957100,43.15811665869630,6.9052986653914100,51789739990.435600,334094660.1899410
96,96.59250283241270,17280,288.0,4.8,3.523947584102130,44.04934480127660,7.047895168204260,52859213761.53190,341098580.7925310
97,98.80934596061710,17460,291.0,4.85,3.604823829741220,45.06029787176530,7.209647659482450,54072357446.118400,344792632.62165900
98,100.35410189628600,17640,294.0,4.9,3.6611805736696100,45.764757170870100,7.322361147339220,54917708605.04410,347350498.7668610
99,102.15058207511900,17820,297.0,4.95,3.7267208775280700,46.58401096910090,7.453441755056150,55900813162.92110,352199173.76386600
100,104.55885601043700,18000,300.0,5.0,3.814581020576070,47.68226275720090,7.629162041152140,57218715308.64110,361671367.46818600
101,105.84784817695600,18180,303.0,5.05,3.861606832082510,48.27008540103130,7.72321366416501,57924102481.23760,374903772.85835800
102,108.01256561279300,18360,306.0,5.1,3.940581395890170,49.25726744862720,7.881162791780350,59108720938.352600,386351440.8594250
103,110.65539526939400,18540,309.0,5.15,4.036998746207010,50.462484327587600,8.073997492414010,60554981193.1051,387485807.4283960
104,113.06782293319700,18720,312.0,5.2,4.1250104281532700,51.56263035191590,8.250020856306550,61875156422.29910,372338325.65527000
105,115.33817219734200,18900,315.0,5.25,4.207838717822220,52.59798397277770,8.415677435644440,63117580767.33330,342465542.13171400
106,116.78815937042200,19080,318.0,5.3,4.260738048988960,53.25922561236190,8.521476097977910,63911070734.834300,307072306.91195200
107,118.60398721694900,19260,321.0,5.35,4.326984206457480,54.08730258071850,8.653968412914950,64904763096.86220,278723462.9221100
108,119.64233040809600,19440,324.0,5.4,4.364865686620170,54.56082108275210,8.729731373240340,65472985299.30250,267031483.63447200
109,120.00480341911300,19620,327.0,5.45,4.378089651772940,54.72612064716180,8.756179303545890,65671344776.59410,273038764.09528300
110,122.3467435836790,19800,330.0,5.5,4.463529765063650,55.79412206329560,8.927059530127300,66952946475.954700,288839793.62683600
111,123.98875904083300,19980,333.0,5.55,4.523434791164210,56.542934889552600,9.046869582328410,67851521867.46310,304413203.455863
112,126.06498575210600,20160,336.0,5.6,4.599180981486380,57.4897622685798,9.198361962972770,68987714722.29580,315688337.35221000
113,127.26997637748700,20340,339.0,5.65,4.643142196680760,58.03927745850950,9.286284393361510,69647132950.21140,326023286.9967940
114,129.45974230766300,20520,342.0,5.7,4.72303059519115,59.03788243988940,9.4460611903823,70845458927.86730,340882871.1829320
115,130.75288605690000,20700,345.0,5.75,4.770207867312640,59.627598341408000,9.540415734625280,71553118009.68960,361575588.1161150
116,132.8509964942930,20880,348.0,5.8,4.8467524333009500,60.58440541626190,9.693504866601900,72701286499.5142,382970815.2658330
117,135.4823775291440,21060,351.0,5.85,4.942752107899960,61.78440134874950,9.885504215799920,74141281618.49940,396500087.0454530
118,137.8810374736790,21240,354.0,5.9,5.030261507374670,62.878268842183400,10.060523014749300,75453922610.6201,396042082.13301200
119,140.21469020843500,21420,357.0,5.95,5.115399273512140,63.94249091890170,10.230798547024300,76730989102.68210,382102012.51528500
120,142.28153920173600,21600,360.0,6.0,5.190803340112270,64.88504175140340,10.381606680224500,77862050101.684,361432940.9111410
121,144.07947278022800,21780,363.0,6.05,5.256396667798300,65.70495834747870,10.512793335596600,78845950016.97450,342931449.40196500
122,145.76998567581200,21960,366.0,6.1,5.318071007520330,66.47588759400410,10.63614201504070,79771065112.80490,332379476.0295240
123,146.88367366790800,22140,369.0,6.15,5.358701263431590,66.98376579289480,10.71740252686320,80380518951.47380,329203029.57249700
124,149.544508934021,22320,372.0,6.2,5.455775505559690,68.19719381949610,10.911551011119400,81836632583.39540,328285957.730958
125,151.06317138671900,22500,375.0,6.25,5.511180290862090,68.88975363577610,11.022360581724200,82667704362.93130,325708359.2436010
126,153.33950304985000,22680,378.0,6.3,5.59422683412048,69.927835426506,11.18845366824100,83913402511.8072,322304333.3792950
127,154.03810501098600,22860,381.0,6.35,5.61971366406074,70.24642080075920,11.23942732812150,84295704960.9111,321432634.2951690
128,156.38788104057300,23040,384.0,6.4,5.705439650238050,71.31799562797570,11.410879300476100,85581594753.57080,324862871.6731920
129,158.45164728164700,23220,387.0,6.45,5.780731249959830,72.25914062449790,11.561462499919700,86710968749.39750,331285727.6721760
130,159.31726264953600,23400,390.0,6.5,5.812311166568140,72.65388958210180,11.624622333136300,87184667498.52210,336889805.7920190
131,161.8245599269870,23580,393.0,6.55,5.903783940586920,73.79729925733650,11.807567881173800,88556759108.80380,337413122.34871500
132,164.23455691337600,23760,396.0,6.6,5.991706945052540,74.89633681315680,11.983413890105100,89875604175.78810,332400514.5417420
133,166.17056035995500,23940,399.0,6.65,6.0623374232815,75.77921779101880,12.124674846563,90935061349.2225,327160216.5300520
134,166.10814476013200,24120,402.0,6.7,6.060060338665650,75.75075423332060,12.120120677331300,90900905079.9847,327239590.54547700
135,169.32950067520100,24300,405.0,6.75,6.177583842680630,77.21979803350790,12.355167685361300,92663757640.20950,331775382.1465130
136,170.69096899032600,24480,408.0,6.8,6.2272537739820200,77.8406721747752,12.454507547964000,93408806609.73020,335878950.7900550
137,173.51742696762100,24660,411.0,6.85,6.330370366559970,79.12962958199960,12.660740733119900,94955555498.3995,338399559.85820700
138,174.08571696281400,24840,414.0,6.9,6.35110307455394,79.38878843192420,12.70220614910790,95266546118.3091,343074766.27967800
139,176.2235996723180,25020,417.0,6.95,6.429098637235640,80.36373296544550,12.858197274471300,96436479558.53460,352163466.7108490
140,178.39225029945400,25200,420.0,7.0,6.5082166941672100,81.35270867709020,13.016433388334400,97623250412.5082,362865692.0262980
141,180.4822919368740,25380,423.0,7.05,6.584466889191560,82.30583611489450,13.168933778383100,98767003337.87340,371226592.8003680
142,182.65818881988500,25560,426.0,7.1,6.663849308523270,83.29811635654090,13.327698617046500,99957739627.84900,377116083.55078100
143,184.75021719932600,25740,429.0,7.15,6.740171985101930,84.25214981377410,13.480343970203900,101102579776.52900,383481650.9617240
144,186.07631087303200,25920,432.0,7.2,6.788551356799720,84.85689195999660,13.577102713599400,101828270351.99600,391350830.77737100
145,189.12330269813500,26100,435.0,7.25,6.899713601963650,86.24642002454560,13.79942720392730,103495704029.45500,397227229.3404690
146,191.00801372528100,26280,438.0,7.3,6.9684727983410600,87.1059099792632,13.936945596682100,104527091975.11600,396331004.1757870
147,193.64140915870700,26460,441.0,7.35,7.064545963477980,88.30682454347470,14.129091926956000,105968189452.17000,388018132.43501200
148,195.84555673599200,26640,444.0,7.4,7.1449590421561100,89.31198802695140,14.289918084312200,107174385632.34200,377205156.6091610
149,197.0811996459960,26820,447.0,7.45,7.1900385330051600,89.87548166256450,14.380077066010300,107850577995.0770,370282713.5209160
150,199.38430380821200,27000,450.0,7.5,7.274061807176430,90.92577258970540,14.548123614352900,109110927107.64600,369926021.7623670
151,201.50712394714400,27180,453.0,7.55,7.351507847818420,91.8938480977302,14.703015695636800,110272617717.27600,373756816.50274500
152,203.16155457496600,27360,456.0,7.6,7.411865811873830,92.64832264842290,14.823731623747700,111177987178.10700,377095756.73410800
153,205.84907937049900,27540,459.0,7.65,7.509913757964030,93.87392197455040,15.019827515928100,112648706369.4610,376592604.3436310
154,207.98202323913600,27720,462.0,7.7,7.587729138790740,94.8466142348843,15.175458277581500,113815937081.86100,371875954.9805000
155,209.39849638938900,27900,465.0,7.75,7.639405790595090,95.49257238243860,15.278811581190200,114591086858.9260,364522922.9488880
156,211.86517477035500,28080,468.0,7.8,7.729396680845070,96.61745851056340,15.458793361690100,115940950212.67600,356439551.8182730
157,213.87517476081800,28260,471.0,7.85,7.80272674687232,97.534084335904,15.60545349374460,117040901203.0850,349731504.1144460
158,215.5147888660430,28440,474.0,7.9,7.862544165362770,98.28180206703460,15.725088330725500,117938162480.4420,346546733.88639800
159,216.93999552726700,28620,477.0,7.95,7.914539438529900,98.93174298162370,15.82907887705980,118718091577.94800,347233830.05057400
160,219.43647360801700,28800,480.0,8.0,8.005617499905780,100.07021874882200,16.011234999811600,120084262498.58700,349399770.60943100
161,221.34348058700600,28980,483.0,8.05,8.075190111023770,100.9398763877970,16.15038022204760,121127851665.35700,349988542.9752880
162,223.02763557434100,29160,486.0,8.1,8.136632497594610,101.7079062199330,16.273264995189200,122049487463.91900,347657728.72793800
163,225.13460874557500,29340,489.0,8.15,8.213500399334570,102.66875499168200,16.42700079866910,123202505990.01800,342997063.26029200
164,227.00330662727400,29520,492.0,8.2,8.281675394210240,103.52094242762800,16.563350788420500,124225130913.15400,337996704.5096660
165,228.99200654029800,29700,495.0,8.25,8.354228377604480,104.42785472005600,16.708456755209000,125313425664.06700,335589503.1667240
166,230.16564273834200,29880,498.0,8.3,8.397045701138250,104.96307126422800,16.794091402276500,125955685517.0740,337893432.858668
167,232.46955037117000,30060,501.0,8.35,8.481098288022590,106.01372860028200,16.962196576045200,127216474320.3390,343850393.83421400
168,234.00808787345900,30240,504.0,8.4,8.537228167208430,106.7153520901050,17.074456334416900,128058422508.1270,349082751.98989900
169,236.58066844940200,30420,507.0,8.45,8.631082647004150,107.88853308755200,17.262165294008300,129466239705.06200,348565668.10650600
170,238.04947566986100,30600,510.0,8.5,8.68466858280942,108.55835728511800,17.36933716561880,130270028742.1410,339909213.9652260
171,240.5506076812740,30780,513.0,8.55,8.77591643176964,109.69895539712000,17.55183286353930,131638746476.5450,325405933.45668700
172,241.91271662712100,30960,516.0,8.6,8.82560973495827,110.32012168697800,17.65121946991650,132384146024.37400,311787361.103598
173,243.61350011825600,31140,519.0,8.65,8.887658772915840,111.09573466144800,17.775317545831700,133314881593.73800,306492923.98335200
174,244.5981845855710,31320,522.0,8.7,8.923582642242640,111.54478302803300,17.84716528448530,133853739633.64000,311767101.8616110
175,246.2072970867160,31500,525.0,8.75,8.982287282299370,112.2785910287420,17.96457456459880,134734309234.49100,322261743.3633540
176,249.08048486709600,31680,528.0,8.8,9.087108700530040,113.58885875662500,18.174217401060100,136306630507.95100,329961687.39574100
177,250.56985306739800,31860,531.0,8.85,9.141444754751550,114.2680594343940,18.28288950950310,137121671321.27300,331222773.7546480
178,252.22098565101600,32040,534.0,8.9,9.201682397513210,115.02102996891500,18.403364795026400,138025235962.6980,327757725.7183630
179,253.84578680992100,32220,537.0,8.95,9.260959400910700,115.7619925113840,18.521918801821400,138914391013.66100,322162458.07324500
180,256.323144197464,32400,540.0,9.0,9.351339889300530,116.89174861625700,18.702679778601100,140270098339.5080,315341133.0915860
181,257.23350524902300,32580,543.0,9.05,9.38455224568671,117.30690307108400,18.76910449137340,140768283685.30100,308444661.9682620
182,259.4582989215850,32760,546.0,9.1,9.465718548015080,118.32148185018800,18.931437096030200,141985778220.22600,305624657.38962600
183,260.9486291408540,32940,549.0,9.15,9.520089699209060,119.00112124011300,19.04017939841810,142801345488.136,313621256.355901
184,262.16509914398200,33120,552.0,9.2,9.564469712180600,119.55587140225800,19.128939424361200,143467045682.709,336188321.08390600
185,263.63878440856900,33300,555.0,9.25,9.61823361181658,120.22792014770700,19.23646722363320,144273504177.2490,366314378.26937000
186,265.48434615135200,33480,558.0,9.3,9.685564539725900,121.06955674657400,19.371129079451800,145283468095.8890,386169774.0884850
187,270.0436735153200,33660,561.0,9.35,9.8519007477985,123.14875934748100,19.703801495597,147778511216.9780,380448554.7385140
188,272.10511088371300,33840,564.0,9.4,9.927107384143040,124.08884230178800,19.854214768286100,148906610762.14600,350870173.11871600
189,272.613995552063,34020,567.0,9.45,9.945672830166640,124.32091037708300,19.891345660333300,149185092452.50000,314217259.1737590
190,274.0774517059330,34200,570.0,9.5,9.999063545042470,124.98829431303100,19.998127090084900,149985953175.63700,286804759.04484500
191,276.1649272441860,34380,573.0,9.55,10.075220122045800,125.94025152557300,20.150440244091600,151128301830.6870,274266551.72692600
192,277.3515410423280,34560,576.0,9.6,10.118510902433600,126.48138628042000,20.237021804867100,151777663536.5040,273342300.94918500
193,277.7290470600130,34740,579.0,9.65,10.132283311057400,126.65354138821700,20.264566622114800,151984249665.8610,276870083.19874600
194,280.82413625717200,34920,582.0,9.7,10.245200274373200,128.06500342966500,20.490400548746400,153678004115.59800,277130390.12533300
195,282.30240774154700,35100,585.0,9.75,10.299131491323300,128.73914364154100,20.598262982646600,154486972369.8500,268508658.27296900
196,282.98672437667800,35280,588.0,9.8,10.324097155142100,129.05121443927700,20.648194310284300,154861457327.1320,247913729.90002000
197,284.55820870399500,35460,591.0,9.85,10.381429020828500,129.76786276035700,20.762858041657100,155721435312.42800,214297310.50480500
198,287.202517747879,35640,594.0,9.9,10.477900343069600,130.97375428837000,20.955800686139200,157168505146.0440,171960351.01193000
199,287.24442529678300,35820,597.0,9.95,10.479429240255100,130.99286550318800,20.958858480510100,157191438603.82600,133097254.11306100
200,286.080308675766,36000,600.0,10.0,10.436959215833300,130.46199019791700,20.873918431666700,156554388237.50000,111088700.08257600
201,287.82259821891800,36180,603.0,10.05,10.50052250331800,131.2565312914750,21.00104500663590,157507837549.7690,110159223.4816460
202,288.10568952560400,36360,606.0,10.1,10.510850415909800,131.3856301988720,21.02170083181960,157662756238.64700,123879565.16871800
203,288.04766058921800,36540,609.0,10.15,10.508733368269500,131.35916710336900,21.017466736539100,157631000524.04300,142336656.15853700
204,290.37017154693600,36720,612.0,10.2,10.59346465318820,132.41830816485300,21.18692930637640,158901969797.82300,158723646.8574050
205,290.4723446369170,36900,615.0,10.25,10.59719219521310,132.464902440164,21.19438439042620,158957882928.1970,170639035.15838000
206,291.3286347389220,37080,618.0,10.3,10.628431901689000,132.855398771112,21.256863803377900,159426478525.33400,177707352.6259510
207,292.7161159515380,37260,621.0,10.35,10.679050851646900,133.4881356455860,21.358101703293800,160185762774.70300,179781317.9393530
208,294.13229179382300,37440,624.0,10.4,10.730716656877600,134.13395821097000,21.461433313755200,160960749853.16400,177895664.36320900
209,294.5185260772710,37620,627.0,10.45,10.74480749550520,134.31009369381500,21.48961499101040,161172112432.5780,174849898.05764200
210,295.14529252052300,37800,630.0,10.5,10.76767357753780,134.59591971922200,21.53534715507560,161515103663.0670,173122241.3987250
211,297.03908681869500,37980,633.0,10.55,10.836764155441200,135.45955194301500,21.67352831088240,162551462331.61800,173535571.96192500
212,297.17139506340000,38160,636.0,10.6,10.841591106867200,135.5198888358400,21.683182213734400,162623866603.00800,176642920.83185000
213,298.5556972026830,38340,639.0,10.65,10.892094075900400,136.15117594875600,21.784188151800900,163381411138.5070,183149077.95260200
214,298.99169921875,38520,642.0,10.7,10.908000571809900,136.35000714762300,21.816001143619700,163620008577.14800,191715080.20430000
215,300.52581548690800,38700,645.0,10.75,10.9639691527906,137.04961440988200,21.9279383055812,164459537291.859,198225475.66471500
216,301.767361164093,38880,648.0,10.8,11.009263992052200,137.61579990065200,22.018527984104400,165138959880.78300,198984235.422509
217,302.9862356185910,39060,651.0,10.85,11.053731725709600,138.17164657137000,22.10746345141920,165805975885.64400,194442864.71126300
218,303.8465344905850,39240,654.0,10.9,11.08511768261800,138.5639710327240,22.1702353652359,166276765239.26900,188719430.62389300
219,304.8846323490140,39420,657.0,10.95,11.1229902124003,139.03737765500400,22.2459804248006,166844853186.0050,184807301.458262
220,305.3817265033720,39600,660.0,11.0,11.141125509581300,139.26406886976600,22.28225101916260,167116882643.71900,180655277.39024200
221,306.8573114871980,39780,663.0,11.05,11.194958715952500,139.9369839494060,22.38991743190500,167924380739.28800,171303870.3268410
222,308.7373423576360,39960,666.0,11.1,11.263547167950800,140.79433959938500,22.527094335901600,168953207519.26200,155613193.62500300
223,308.14800930023200,40140,669.0,11.15,11.242046753912700,140.52558442390900,22.484093507825500,168630701308.69100,139309202.75001700
224,309.92060446739200,40320,672.0,11.2,11.306715669964600,141.3339458745570,22.613431339929100,169600735049.4690,129641517.70092300
225,308.7459805011750,40500,675.0,11.25,11.263862310059800,140.79827887574800,22.52772462011960,168957934650.89700,128114245.78570100
226,311.0819716453550,40680,678.0,11.3,11.349085387499900,141.8635673437490,22.698170774999800,170236280812.49800,130609613.56332600
227,311.6561601161960,40860,681.0,11.35,11.370033287340000,142.1254160917500,22.740066574680000,170550499310.10000,133784718.15799300
228,311.8299193382260,41040,684.0,11.4,11.376372479024000,142.20465598780000,22.752744958047900,170645587185.3600,137903777.4557320
229,312.382089138031,41220,687.0,11.45,11.39651708005380,142.456463500673,22.79303416010770,170947756200.8080,142709660.92169600
230,313.9913568496700,41400,690.0,11.5,11.455227382596100,143.19034228245100,22.910454765192200,171828410738.94200,144256503.8936810
231,314.08251953125,41580,693.0,11.55,11.458553236074300,143.2319154509290,22.917106472148600,171878298541.11400,138654289.30982200
232,316.27865982055700,41760,696.0,11.6,11.53867418790720,144.2334273488400,23.07734837581430,173080112818.6070,127744857.82355500
233,315.4610011577610,41940,699.0,11.65,11.508843857551400,143.8605482193930,23.017687715102800,172632657863.27100,118710282.6288110
234,316.5556683540340,42120,702.0,11.7,11.548780184994900,144.35975231243700,23.097560369989900,173231702774.92400,117169379.87507600
235,316.6414952278140,42300,705.0,11.75,11.551911374224300,144.39889217780400,23.103822748448600,173278670613.36400,121284904.96271500
236,317.68179655075100,42480,708.0,11.8,11.58986429216520,144.8733036520650,23.17972858433030,173847964382.4770,123484388.41092600
237,318.94280219078100,42660,711.0,11.85,11.635869081858100,145.44836352322700,23.271738163716300,174538036227.87200,117887329.62918800
238,319.48942017555200,42840,714.0,11.9,11.65581113812940,145.697639226617,23.31162227625870,174837167071.9400,105349320.65858900
239,319.48971605300900,43020,717.0,11.95,11.655821932514200,145.69777415642800,23.311643865028400,174837328987.71300,91445708.35375020
240,320.3652677536010,43200,720.0,12.0,11.687764352573600,146.09705440717000,23.37552870514710,175316465288.6040,81490467.514447
241,320.36928606033300,43380,723.0,12.05,11.687910950931500,146.09888688664300,23.375821901862900,175318664263.972,78577107.91886950
242,321.23788118362400,43560,726.0,12.1,11.719599576824000,146.49499471030100,23.439199153648100,175793993652.3610,83766365.74575600
243,320.88871479034400,43740,729.0,12.15,11.706861071950800,146.33576339938500,23.413722143901600,175602916079.26200,94514502.71546300
244,321.2891011238100,43920,732.0,12.2,11.721468214442700,146.51835268053400,23.442936428885400,175822023216.64100,103646394.71947100
245,323.29551887512200,44100,735.0,12.25,11.794667591000000,147.4333448875000,23.589335181999900,176920013865.0000,104110189.0204860
246,323.62094593048100,44280,738.0,12.3,11.806540022626700,147.58175028283400,23.613080045253400,177098100339.40100,96042014.50413900
247,323.45870900154100,44460,741.0,12.35,11.800621194384100,147.5077649298010,23.601242388768200,177009317915.76100,86766067.02849370
248,323.98083782196000,44640,744.0,12.4,11.819669821776,147.7458727722,23.639339643552,177295047326.64,83508676.6828198
249,324.6687207221990,44820,747.0,12.45,11.844765592289800,148.05956990362300,23.689531184579700,177671483884.3480,87793937.91039780
250,324.60673928260800,45000,750.0,12.5,11.8425043469768,148.03130433721,23.6850086939536,177637565204.652,95818394.46767000
251,325.46170234680200,45180,753.0,12.55,11.873695639636300,148.4211954954540,23.747391279272700,178105434594.54500,101724422.7608530
252,326.47956585884100,45360,756.0,12.6,11.910829967446600,148.88537459308300,23.821659934893300,178662449511.6990,100950659.9277470
253,326.7249207496640,45540,759.0,12.65,11.91978115671510,148.99726445893800,23.83956231343010,178796717350.72600,92567564.00517500
254,327.5270640850070,45720,762.0,12.7,11.9490454472738,149.3630680909230,23.8980908945476,179235681709.107,79326285.99336930
255,327.7230339050290,45900,765.0,12.75,11.956194939766200,149.45243674707800,23.912389879532500,179342924096.49300,65640986.497006400
256,327.91356587410000,46080,768.0,12.8,11.963146045208300,149.53932556510400,23.92629209041660,179447190678.12400,55543805.74193620
257,328.35931396484400,46260,771.0,12.85,11.979408103457500,149.74260129321800,23.958816206914900,179691121551.8620,51555138.28089920
258,328.2967884540560,46440,774.0,12.9,11.97712700900160,149.7140876125210,23.95425401800330,179656905135.0250,53770018.20817750
259,328.42834997177100,46620,777.0,12.95,11.981926717870500,149.77408397338200,23.963853435741100,179728900768.05800,59328141.321676700
260,329.1635296344760,46800,780.0,13.0,12.008747998200800,150.1093499775100,24.017495996401600,180131219973.01200,63858917.50686700
261,329.68527841568000,46980,783.0,13.05,12.0277827607664,150.34728450958,24.0555655215328,180416741411.496,64553095.16317730
262,329.7955358028410,47160,786.0,13.1,12.031805239134000,150.39756548917500,24.06361047826800,180477078587.01000,61745047.968442500
263,330.1223838329320,47340,789.0,13.15,12.043729511642000,150.54661889552500,24.08745902328410,180655942674.63000,57783615.858341700
264,330.6534881591800,47520,792.0,13.2,12.06310558900320,150.78881986254000,24.12621117800640,180946583835.0480,55165955.693186400
265,330.86320662498500,47700,795.0,13.25,12.070756668116400,150.88445835145500,24.141513336232800,181061350021.7460,55006723.80258170
266,330.43548941612200,47880,798.0,13.3,12.055152423680700,150.68940529600900,24.11030484736150,180827286355.21100,55760194.04378910
267,331.7270710468290,48060,801.0,13.35,12.102272705625400,151.2784088203170,24.204545411250700,181534090584.3810,53971191.88401600
268,331.94982409477200,48240,804.0,13.4,12.110399320446700,151.37999150558400,24.220798640893500,181655989806.701,47799953.77000150
269,331.75674843788100,48420,807.0,13.45,12.103355414608300,151.2919426826040,24.206710829216600,181550331219.12500,39677295.68749750
270,332.50050592422500,48600,810.0,13.5,12.130489636419500,151.63112045524400,24.26097927283910,181957344546.29300,34636675.06876910
271,332.06729555130000,48780,813.0,13.55,12.114684986966300,151.43356233707900,24.22936997393260,181720274804.49500,35671955.13702160
272,331.96743535995500,48960,816.0,13.6,12.111041825543600,151.38802281929500,24.222083651087300,181665627383.15500,40525439.154638300
273,332.7270483970640,49140,819.0,13.65,12.138754499389700,151.73443124237200,24.277508998779500,182081317490.84600,43454239.49404580
274,333.59510231018100,49320,822.0,13.7,12.170423380517100,152.1302922564640,24.340846761034300,182556350707.7570,40623122.9153676
275,332.8197968006130,49500,825.0,13.75,12.142138204160100,151.77672755200200,24.284276408320200,182132073062.40200,33054709.309387900
276,333.67101097106900,49680,828.0,13.8,12.173192727353700,152.16490909192100,24.346385454707300,182597890910.305,24366252.77031530
277,333.3633449077610,49860,831.0,13.85,12.161968263252300,152.02460329065300,24.323936526504500,182429523948.784,17521560.613738900
278,333.6325125694280,50040,834.0,13.9,12.171788204792600,152.14735255990800,24.34357640958520,182576823071.88900,14244800.097962800
279,333.56934809684800,50220,837.0,13.95,12.169483799336500,152.1185474917060,24.33896759867290,182542256990.04700,15273671.87284790
280,333.480096578598,50400,840.0,14.0,12.166227670104000,152.0778458763000,24.332455340207900,182493415051.5600,19350420.368772300
281,333.4804027080540,50580,843.0,14.05,12.166238838508600,152.07798548135700,24.332477677017200,182493582577.62900,22887106.180289800
282,334.3473901748660,50760,846.0,14.1,12.197868812880600,152.47336016100800,24.395737625761200,182968032193.20900,22559437.633200200
283,334.00691199302700,50940,849.0,14.15,12.185447276724600,152.31809095905800,24.37089455344930,182781709150.8690,18735916.960363000
284,334.41196632385300,51120,852.0,14.2,12.200224719990800,152.50280899988500,24.400449439981600,183003370799.86200,15365383.160151900
285,333.98593401908900,51300,855.0,14.25,12.184681945271200,152.3085243158910,24.369363890542500,182770229179.0690,15902756.185967100
286,334.0338706970220,51480,858.0,14.3,12.186430800880500,152.33038501100600,24.372861601761000,182796462013.2080,19995530.413021800
287,334.38446950912500,51660,861.0,14.35,12.199221564145500,152.49026955181800,24.398443128291000,182988323462.1820,24745804.164988100
288,335.10770750045800,51840,864.0,14.4,12.225607181015900,152.82008976269800,24.451214362031800,183384107715.23800,28194388.40663210
289,334.00604271888700,52020,867.0,14.45,12.185415563326400,152.31769454158100,24.37083112665290,182781233449.89700,30051133.893993000
290,335.2572100162510,52200,870.0,14.5,12.23106142450160,152.88826780627000,24.46212284900320,183465921367.5240,30050784.610020000
291,335.0147590637210,52380,873.0,14.55,12.222216178510700,152.77770223138400,24.444432357021400,183333242677.66100,28062820.203561000
292,335.59069418907200,52560,876.0,14.6,12.243227800883700,153.0403475110470,24.486455601767500,183648417013.25600,25436518.869363800
293,335.05505657196000,52740,879.0,14.65,12.223686337194300,152.79607921492800,24.447372674388500,183355295057.9140,23802776.64733320
294,335.2388868331910,52920,882.0,14.7,12.230392946775300,152.87991183469100,24.460785893550500,183455894201.629,22656217.61967420
295,336.02437925338700,53100,885.0,14.75,12.259049768322600,153.23812210403300,24.518099536645300,183885746524.8400,20142322.3606669
296,335.7486455440520,53280,888.0,14.8,12.248990280159700,153.11237850199700,24.497980560319500,183734854202.39600,15962642.026851400
297,335.6843569278720,53460,891.0,14.85,12.246644862999700,153.08306078749600,24.493289725999400,183699672944.9950,11769588.743212600
298,335.7878851890560,53640,894.0,14.9,12.250421845220800,153.13027306526000,24.500843690441600,183756327678.31200,9051340.152742060
299,336.1920552253720,53820,897.0,14.95,12.265167027106300,153.31458783882900,24.530334054212600,183977505406.5950,7891021.540936930
300,335.4790813922880,54000,900.0,15.0,12.239155873621800,152.98944842027300,24.478311747243600,183587338104.3270,7179959.77437148
301,336.15488028526300,54180,903.0,15.05,12.263810787889500,153.29763484861900,24.527621575779100,183957161818.343,5193071.705770870
302,336.1018035411840,54360,906.0,15.1,12.261874409199800,153.2734301149980,24.52374881839960,183928116137.99700,889457.8837290670
303,335.9111382961270,54540,909.0,15.15,12.254918441500600,153.18648051875800,24.509836883001200,183823776622.5090,-4408910.362860430
304,336.3332793712620,54720,912.0,15.2,12.270319253967900,153.37899067459900,24.540638507935800,184054788809.51900,-7276042.415844510
305,335.58408999443100,54900,915.0,15.25,12.242986862559700,153.0373357819960,24.48597372511930,183644802938.39500,-5180235.062998760
306,335.2896535396580,55080,918.0,15.3,12.232245049240400,152.90306311550500,24.46449009848070,183483675738.60500,798235.2899718600
307,336.50241899490400,55260,921.0,15.35,12.276489910598900,153.4561238824870,24.552979821197900,184147348658.98400,6809763.058706850
308,335.5194070339200,55440,924.0,15.4,12.240627058685200,153.0078382335660,24.481254117370500,183609405880.2790,9426964.829161740
309,335.97084641456600,55620,927.0,15.45,12.257096750101700,153.21370937627200,24.51419350020350,183856451251.52600,7724330.96498682
310,336.53819704055800,55800,930.0,15.5,12.277795187446000,153.47243984307500,24.555590374892000,184166927811.6900,3521306.731503520
311,335.9389443397520,55980,933.0,15.55,12.2559328788263,153.19916098532900,24.5118657576526,183838993182.3950,108165.05550202100
312,335.8448054790500,56160,936.0,15.6,12.252498446535900,153.15623058169800,24.504996893071700,183787476698.0380,-610719.1710502900
313,335.8221619129180,56340,939.0,15.65,12.251672349915300,153.1459043739410,24.50334469983050,183775085248.72900,48189.79940615290
314,336.42455196380600,56520,942.0,15.7,12.273649117286100,153.42061396607600,24.54729823457220,184104736759.29100,-485839.8242306450
315,335.88327622413600,56700,945.0,15.75,12.25390196011330,153.1737745014170,24.50780392022660,183808529401.7000,-2758651.0338985700
316,336.06227564811700,56880,948.0,15.8,12.260432328094200,153.25540410117800,24.520864656188500,183906484921.4130,-5037296.093722760
317,336.0822138786320,57060,951.0,15.85,12.2611597269833,153.26449658729100,24.5223194539666,183917395904.7500,-5708199.062808710
318,335.570063829422,57240,954.0,15.9,12.24247515131040,153.0309393913800,24.48495030262070,183637127269.65600,-4765421.017790350
319,336.14694261550900,57420,957.0,15.95,12.26352120089950,153.294015011244,24.52704240179900,183952818013.4930,-2966104.8564579800
320,335.951744556427,57600,960.0,16.0,12.25639986426830,153.20499830335400,24.51279972853660,183845997964.0240,-500010.68204706000
321,335.65374064445500,57780,963.0,16.05,12.245527900763300,153.06909875954100,24.491055801526600,183682918511.45000,2650011.5483772400
322,335.8635745048520,57960,966.0,16.1,12.253183189773600,153.16478987217000,24.50636637954720,183797747846.60400,5480809.957147290
323,336.057936668396,58140,969.0,16.15,12.260274030745500,153.25342538431900,24.520548061491000,183904110461.18200,6480955.358568720
324,336.09948682785000,58320,972.0,16.2,12.261789889427400,153.2723736178430,24.523579778854900,183926848341.41100,5459497.75231755
325,336.0662431716920,58500,975.0,16.25,12.260577073749500,153.2572134218690,24.52115414749900,183908656106.24200,3723878.611013940
326,335.8642649650570,58680,978.0,16.3,12.253208379571000,153.16510474463700,24.506416759141900,183798125693.56400,2395793.0116375700
327,336.1816658973690,58860,981.0,16.35,12.26478799719980,153.30984996499800,24.52957599439960,183971819957.99700,1690392.1690625200
328,336.11406660080000,59040,984.0,16.4,12.262321797744900,153.27902247181100,24.52464359548980,183934826966.17300,1952398.9565087900
329,336.0499904155730,59220,987.0,16.45,12.259984130622600,153.24980163278300,24.51996826124530,183899761959.34000,3959683.453571450
330,335.87556052207900,59400,990.0,16.5,12.253620471086500,153.17025588858100,24.507240942172900,183804307066.2970,7267638.948201960
331,336.1893701553350,59580,993.0,16.55,12.265069068716200,153.31336335895300,24.530138137432400,183976036030.74300,9027292.264868760
332,336.03618454933200,59760,996.0,16.6,12.259480456449600,153.2435057056200,24.518960912899200,183892206846.74400,5923935.167312910
333,336.7711594104770,59940,999.0,16.65,12.286294265082300,153.57867831352900,24.57258853016470,184294413976.23500,-2089803.7816396900
334,336.40106868743900,60120,1002.0,16.7,12.272792385836000,153.40990482295000,24.545584771672000,184091885787.54000,-10803524.097022500
335,335.80908489227300,60300,1005.0,16.75,12.251195265939200,153.13994082424000,24.502390531878400,183767928989.08800,-15428499.534577500
336,335.90152287483200,60480,1008.0,16.8,12.254567645738500,153.18209557173100,24.509135291477000,183818514686.0780,-14772859.161845800
337,336.0603244304660,60660,1011.0,16.85,12.260361142561900,153.25451428202400,24.52072228512390,183905417138.4290,-11094098.37691240
338,335.74072003364600,60840,1014.0,16.9,12.248701136774600,153.1087642096820,24.49740227354920,183730517051.61900,-7040695.015995380
339,335.85697722435,61020,1017.0,16.95,12.252942503695400,153.16178129619300,24.505885007390900,183794137555.4320,-4094657.976966110
340,335.7536051273350,61200,1020.0,17.0,12.249171218752400,153.11464023440500,24.498342437504800,183737568281.2860,-2849775.9300046800
341,335.94422149658200,61380,1023.0,17.05,12.256125403334100,153.2015675416760,24.512250806668100,183841881050.01100,-2860482.709043390
342,335.98952555656400,61560,1026.0,17.1,12.257778214142800,153.22222767678500,24.515556428285600,183866673212.14200,-2439284.8377427500
343,335.52788829803500,61740,1029.0,17.15,12.24093647742180,153.01170596777200,24.48187295484360,183614047161.32700,-209854.66285943400
344,335.6582007408140,61920,1032.0,17.2,12.245690616764300,153.07113270955400,24.491381233528700,183685359251.4650,2889879.9753289300
345,335.96517419815100,62100,1035.0,17.25,12.25688981278520,153.2111226598150,24.51377962557040,183853347191.77800,4226362.522042630
346,335.88617062568700,62280,1038.0,17.3,12.254007555465500,153.17509444331800,24.508015110930900,183810113331.98200,2277880.6237555500
347,336.0640027523040,62460,1041.0,17.35,12.260495337380100,153.25619171725200,24.520990674760300,183907430060.702,-1747579.4724613900
348,335.6608409881590,62640,1044.0,17.4,12.245786939905200,153.0723367488150,24.491573879810300,183686804098.5780,-4801078.621357440
349,336.10300517082200,62820,1047.0,17.45,12.261918247797400,153.2739780974680,24.523836495594800,183928773716.9610,-4018602.7378301700
350,335.50053238868700,63000,1050.0,17.5,12.239938462173900,152.99923077717400,24.479876924347900,183599076932.6090,1228634.6191823300
351,335.4072082042690,63180,1053.0,17.55,12.23653375140890,152.9566718926110,24.47306750281770,183548006271.13300,8324121.600283200
352,336.1148407459260,63360,1056.0,17.6,12.262350040587400,153.2793755073430,24.524700081174900,183935250608.81100,13227844.691784300
353,336.0293912887570,63540,1059.0,17.65,12.259232620504900,153.2404077563110,24.518465241009800,183888489307.57300,14225821.320377900
354,336.1667354106900,63720,1062.0,17.7,12.264243293926600,153.30304117408200,24.528486587853200,183963649408.8990,13171173.76511960
355,335.94346737861600,63900,1065.0,17.75,12.25609789113480,153.20122363918500,24.51219578226960,183841468367.0220,12502530.836965600
356,336.10566091537500,64080,1068.0,17.8,12.262015136317000,153.2751892039620,24.524030272633900,183930227044.75500,12084174.35135360
357,336.3141837120060,64260,1071.0,17.85,12.269622594286000,153.37028242857500,24.539245188571900,184044338914.28900,9992703.653249720
358,336.4216468334200,64440,1074.0,17.9,12.273543130517900,153.41928913147400,24.547086261035800,184103146957.76800,6122355.123388430
359,336.52316188812300,64620,1077.0,17.95,12.277246665691700,153.4655833211470,24.554493331383500,184158699985.37600,3804651.011342840
360,336.3186984062200,64800,1080.0,18.0,12.269787302159800,153.3723412769970,24.539574604319600,184046809532.39700,6665519.247391920
361,335.63314414024400,64980,1083.0,18.05,12.24477648632510,153.05970607906300,24.4895529726501,183671647294.87600,13911852.27588240
362,336.6241672039030,65160,1086.0,18.1,12.280931604254200,153.5116450531770,24.561863208508300,184213974063.8120,20311730.00918080
363,336.9100799560550,65340,1089.0,18.15,12.291362450569000,153.6420306321120,24.582724901137900,184370436758.5350,21699277.69918620
364,336.72406339645400,65520,1092.0,18.2,12.28457607909510,153.55720098868900,24.56915215819030,184268641186.42700,19168641.689250400
365,336.8172290325170,65700,1095.0,18.25,12.287975005600800,153.5996875700100,24.575950011201600,184319625084.01200,16994265.92501260
366,336.8753852844240,65880,1098.0,18.3,12.29009669804480,153.6262087255600,24.58019339608960,184351450470.67200,17758658.61482390
367,336.77038288116500,66060,1101.0,18.35,12.286265935258500,153.5783241907310,24.572531870516900,184293989028.87700,20517353.04075480
368,337.2314372062680,66240,1104.0,18.4,12.303086405040800,153.78858006301000,24.606172810081500,184546296075.61100,22881624.019813700
369,337.36224818229700,66420,1107.0,18.45,12.307858732182400,153.8482341522810,24.615717464364900,184617880982.73700,23808348.33613300
370,337.2861223220830,66600,1110.0,18.5,12.305081461345400,153.81351826681800,24.61016292269090,184576221920.18200,24252960.461073200
371,337.6025013923650,66780,1113.0,18.55,12.316623798770100,153.95779748462600,24.633247597540100,184749356981.55100,25695709.834174100
372,337.51517152786300,66960,1116.0,18.6,12.313437776501200,153.91797220626500,24.626875553002300,184701566647.51800,28551294.51815560
373,337.80741024017300,67140,1119.0,18.65,12.324099410417200,154.05124263021500,24.648198820834300,184861491156.25700,31768185.986902700
374,338.07481122016900,67320,1122.0,18.7,12.333854898781300,154.173186234766,24.667709797562600,185007823481.71900,33327636.396852800
375,338.0155565738680,67500,1125.0,18.75,12.331693134031900,154.14616417539800,24.663386268063700,184975397010.4780,31327676.21571880
376,338.6491949558260,67680,1128.0,18.8,12.354809922393500,154.43512402991900,24.70961984478700,185322148835.90200,25697159.897363600
377,338.8684546947480,67860,1131.0,18.85,12.36280909214900,154.53511365186200,24.72561818429800,185442136382.23500,19223389.80829140
378,338.24874925613400,68040,1134.0,18.9,12.340200614066100,154.25250767582600,24.680401228132200,185103009210.99100,15885375.61536820
379,338.6822741031650,68220,1137.0,18.95,12.356016736358700,154.45020920448300,24.712033472717300,185340251045.38000,17524964.29270230
380,338.6572160720830,68400,1140.0,19.0,12.355102553730600,154.43878192163200,24.710205107461100,185326538305.9580,22484037.694544000
381,338.739511013031,68580,1143.0,19.05,12.358104888796300,154.4763111099530,24.716209777592500,185371573331.94400,27346222.67369560
382,339.1949956417080,68760,1146.0,19.1,12.374722161459800,154.68402701824800,24.749444322919700,185620832421.8980,29480527.986352500
383,339.2441568374630,68940,1149.0,19.15,12.376515690687600,154.7064461335950,24.753031381375200,185647735360.3140,28262456.16767570
384,339.4588141441350,69120,1152.0,19.2,12.384346951655800,154.80433689569800,24.768693903311600,185765204274.8370,24898116.979535600
385,339.49904441833500,69300,1155.0,19.25,12.385814657465500,154.82268321831800,24.771629314931000,185787219861.98200,21722071.714789800
386,339.8314161300660,69480,1158.0,19.3,12.397940448352300,154.97425560440300,24.79588089670460,185969106725.28400,21121759.78111870
387,339.49790239334100,69660,1161.0,19.35,12.385772993401500,154.8221624175190,24.77154598680300,185786594901.02200,23754881.331836000
388,339.52332973480200,69840,1164.0,19.4,12.38670064943990,154.83375811799800,24.7734012988797,185800509741.59800,27374771.181641600
389,340.35485339164700,70020,1167.0,19.45,12.417036811106000,155.21296013882500,24.834073622212000,186255552166.59000,28511739.739744100
390,340.25993752479600,70200,1170.0,19.5,12.413574031595400,155.16967539494300,24.827148063190800,186203610473.93100,25937337.884402000
391,340.3682131767270,70380,1173.0,19.55,12.417524211069500,155.21905263836900,24.835048422139100,186262863166.0430,21800855.472205100
392,340.49042534828200,70560,1176.0,19.6,12.421982831294400,155.27478539118000,24.843965662588800,186329742469.41600,19264616.556442500
393,340.3981583118440,70740,1179.0,19.65,12.418616688057400,155.23270860071800,24.837233376114900,186279250320.86200,19785430.527077500
394,340.5880448818210,70920,1182.0,19.7,12.42554424764960,155.3193030956200,24.85108849529910,186383163714.7430,22581543.661649300
395,340.8063042163850,71100,1185.0,19.75,12.43350692003290,155.41883650041200,24.86701384006590,186502603800.4940,25711208.146266200
396,340.79313611984300,71280,1188.0,19.8,12.433026513369500,155.41283141711900,24.86605302673900,186495397700.54300,27256731.153343100
397,341.15431356430100,71460,1191.0,19.85,12.446203212859700,155.5775401607470,24.89240642571950,186693048192.89600,26301779.494263000
398,341.34318590164200,71640,1194.0,19.9,12.453093770587900,155.66367213234900,24.906187541175800,186796406558.81900,23731457.91551450
399,341.4966661930080,71820,1197.0,19.95,12.458693133748700,155.7336641718590,24.917386267497400,186880397006.2310,21846422.39399520
400,341.1418044567110,72000,1200.0,20.0,12.4457468478399,155.57183559799900,24.8914936956798,186686202717.5990,22297259.028825600
401,341.6292943954470,72180,1203.0,20.05,12.463531758071100,155.79414697588900,24.927063516142200,186952976371.0670,24277945.404517800
402,341.6917278766630,72360,1206.0,20.1,12.46580949504710,155.82261868808800,24.9316189900941,186987142425.70600,25150389.649168300
403,341.88107419014000,72540,1209.0,20.15,12.472717344666500,155.90896680833100,24.945434689333000,187090760169.99800,22770912.518489900
404,342.15265560150100,72720,1212.0,20.2,12.48262534612000,156.0328168265000,24.96525069223990,187239380191.7990,17256287.62467320
405,342.15017461776700,72900,1215.0,20.25,12.482534833332900,156.03168541666200,24.965069666665900,187238022499.9940,11138002.208453600
406,342.18878388404800,73080,1218.0,20.3,12.483943400526500,156.04929250658200,24.967886801053000,187259151007.89800,8023378.259912310
407,341.99414134025600,73260,1221.0,20.35,12.476842330548500,155.96052913185700,24.953684661097100,187152634958.22800,10291360.619759200
408,341.98378252983100,73440,1224.0,20.4,12.476464414003300,155.95580517504100,24.95292882800650,187146966210.04900,17091276.42197960
409,342.2523009777070,73620,1227.0,20.45,12.486260670523500,156.07825838154400,24.97252134104700,187293910057.85300,24259976.634503900
410,342.2397298812870,73800,1230.0,20.5,12.485802043988700,156.07252554985900,24.97160408797750,187287030659.83100,26840469.549018000
411,343.0639169216160,73980,1233.0,20.55,12.515870546661800,156.44838183327300,25.031741093323600,187738058199.92700,22922876.85318220
412,342.819682598114,74160,1236.0,20.6,12.50696023862530,156.33700298281600,25.0139204772505,187604403579.37900,16110615.13128610
413,343.0496561527250,74340,1239.0,20.65,12.515350276448200,156.44187845560300,25.030700552896400,187730254146.72300,14186266.517953000
414,342.3804392814640,74520,1242.0,20.7,12.490935491578100,156.1366936447260,24.981870983156100,187364032373.6710,24456143.502403700
415,342.89141297340400,74700,1245.0,20.75,12.509577150655700,156.36971438319600,25.019154301311300,187643657259.83500,48130275.64559430
416,342.7384765148160,74880,1248.0,20.8,12.503997627939500,156.29997034924400,25.007995255879100,187559964419.093,75261995.22467380
417,343.33337235450700,75060,1251.0,20.85,12.525700986850400,156.5712623356300,25.05140197370080,187885514802.75600,85139712.395111
418,343.27702260017400,75240,1254.0,20.9,12.52364520017110,156.54556500213800,25.04729040034210,187854678002.5660,60103329.82668330
419,350.06776094436600,75420,1257.0,20.95,12.771389127293500,159.6423640911690,25.54277825458700,191570836909.40200,6336557.417800570
420,343.10921263694800,75600,1260.0,21.0,12.517523053035800,156.46903816294800,25.035046106071700,187762845795.53800,-44745255.66311410
421,343.19985365867600,75780,1263.0,21.05,12.520829874995900,156.51037343744800,25.041659749991700,187812448124.93800,-63969009.58668500
422,343.31743931770300,75960,1266.0,21.1,12.525119707921900,156.56399634902300,25.050239415843700,187876795618.8280,-49626240.65121640
423,343.0907733440400,76140,1269.0,21.15,12.516850339318000,156.46062924147500,25.033700678636000,187752755089.7700,-21988229.231948700
424,343.4134383201600,76320,1272.0,21.2,12.528622003057200,156.6077750382150,25.05724400611450,187929330045.85800,-854413.7548084590
425,343.5112142562870,76500,1275.0,21.25,12.532189125388600,156.65236406735800,25.064378250777200,187982836880.829,6625380.178235200
426,343.78877449035600,76680,1278.0,21.3,12.542315249959500,156.77894062449300,25.084630499918900,188134728749.3920,3747318.899946590
427,343.8043444156650,76860,1281.0,21.35,12.542883281629300,156.78604102036600,25.085766563258600,188143249224.43900,-2137804.388134820
428,343.3600950241090,77040,1284.0,21.4,12.526675899853200,156.583448748165,25.053351799706400,187900138497.79800,-4855757.0306220700
429,343.28806495666500,77220,1287.0,21.45,12.524048054267800,156.5506006783470,25.048096108535600,187860720814.0170,-2654368.255270290
430,343.4746561050420,77400,1290.0,21.5,12.530855388245600,156.63569235307000,25.061710776491300,187962830823.68500,1923010.3006329000
431,343.4495565891270,77580,1293.0,21.55,12.529939692142100,156.6242461517770,25.059879384284300,187949095382.1320,5094751.740008240
432,343.58758640289300,77760,1296.0,21.6,12.534975381398500,156.68719226748100,25.069950762797000,188024630720.97700,4925260.196103310
433,343.69994926452600,77940,1299.0,21.65,12.539074672991400,156.73843341239200,25.078149345982700,188086120094.87000,2379037.8401533700
434,343.6881248950960,78120,1302.0,21.7,12.538643289013700,156.73304111267100,25.077286578027300,188079649335.2050,99385.37139427420
435,343.3568775653840,78300,1305.0,21.75,12.526558518528900,156.5819814816110,25.053117037057800,187898377777.93300,31397.21604633470
436,343.55667448043800,78480,1308.0,21.8,12.533847633475400,156.6730954184430,25.067695266950800,188007714502.131,1844052.160292000
437,343.5611128807070,78660,1311.0,21.85,12.534009557946200,156.67511947432700,25.068019115892400,188010143369.1930,3668533.214785810
438,343.5866804122930,78840,1314.0,21.9,12.5349423284876,156.68677910609500,25.0698846569752,188024134927.314,4203302.683724040
439,343.89245867729200,79020,1317.0,21.95,12.546097920760500,156.82622400950600,25.092195841521000,188191468811.40700,3590223.0705387100
440,343.33348083496100,79200,1320.0,22.0,12.525704944501600,156.57131180627000,25.05140988900320,187885574167.52400,2319784.5595551400
441,343.7652471065520,79380,1323.0,22.05,12.541456909354500,156.76821136693100,25.082913818709000,188121853640.3170,411359.87137975300
442,343.8094856739040,79560,1326.0,22.1,12.543070848200400,156.78838560250500,25.086141696400800,188146062723.00600,-1512408.4656154000
443,343.775431394577,79740,1329.0,22.15,12.541828458865400,156.77285573581700,25.08365691773070,188127426882.98000,-1470529.954272500
444,343.28581261634800,79920,1332.0,22.2,12.523965882991700,156.54957353739600,25.047931765983400,187859488244.8760,1705843.6189847500
445,343.58345341682400,80100,1335.0,22.25,12.534824599237900,156.68530749047400,25.069649198475800,188022368988.5690,5637752.906317720
446,343.53193712234500,80280,1338.0,22.3,12.532945149838100,156.66181437297700,25.065890299676200,187994177247.57200,5677657.978638850
447,344.27760338783300,80460,1341.0,22.35,12.560149008913700,157.00186261142100,25.120298017827400,188402235133.70600,-292697.41320522600
448,343.77072048187300,80640,1344.0,22.4,12.541656592426900,156.77070740533600,25.083313184853800,188124848886.40400,-9145909.093960010
449,343.6566741466520,80820,1347.0,22.45,12.537495883306700,156.71869854133400,25.074991766613500,188062438249.6010,-14952568.588650800
450,343.39186334610000,81000,1350.0,22.5,12.527834891475200,156.59793614344000,25.055669782950400,187917523372.12800,-13432743.429095500
451,343.39825987815900,81180,1353.0,22.55,12.528068253724200,156.6008531715520,25.05613650744840,187921023805.8630,-4430141.592258580
452,343.2089321613310,81360,1356.0,22.6,12.521161082559200,156.5145135319900,25.042322165118400,187817416238.3880,7820793.479712490
453,343.08119559288000,81540,1359.0,22.65,12.51650091786120,156.4562614732650,25.03300183572230,187747513767.9170,16204811.32591700
454,343.99275183677700,81720,1362.0,22.7,12.549756877995300,156.87196097494100,25.099513755990600,188246353169.93000,15001447.023157400
455,344.38010001182600,81900,1365.0,22.75,12.563888354307100,157.04860442883800,25.12777670861410,188458325314.606,4795076.719340410
456,343.62656712532000,82080,1368.0,22.8,12.536397500285500,156.70496875356900,25.07279500057110,188045962504.28300,-7566440.479799570
457,343.65623688697800,82260,1371.0,22.85,12.537479930928200,156.718499136602,25.074959861856300,188062198963.92200,-14742303.113704700
458,343.54722332954400,82440,1374.0,22.9,12.533502830727900,156.66878538409900,25.067005661455900,188002542460.91900,-14107190.054650100
459,343.135790348053,82620,1377.0,22.95,12.518492677572900,156.48115846966100,25.036985355145800,187777390163.59300,-7769420.485849210
460,343.5075671672820,82800,1380.0,23.0,12.532056070026000,156.6507008753250,25.06411214005210,187980841050.39000,614310.4065861670
461,343.48798394203200,82980,1383.0,23.05,12.53134162265910,156.64177028323900,25.06268324531830,187970124339.8870,8049240.697647250
462,343.32018756866500,83160,1386.0,23.1,12.525219971317600,156.5652496414700,25.050439942635200,187878299569.76400,12171937.46557670
463,343.56798672676100,83340,1389.0,23.15,12.534260333860300,156.67825417325400,25.068520667720600,188013905007.90500,11164475.30364060
464,344.1689658164980,83520,1392.0,23.2,12.556185625671500,156.95232032089400,25.112371251343000,188342784385.07300,5236370.45518216
465,343.79614210128800,83700,1395.0,23.25,12.54258403971000,156.7823004963750,25.08516807942010,188138760595.65000,-2629575.7619745000
466,343.4151396751400,83880,1398.0,23.3,12.52868407294460,156.60855091180800,25.05736814588920,187930261094.16900,-9019238.052531400
467,343.7491707801820,84060,1401.0,23.35,12.540870402847100,156.76088003558900,25.081740805694300,188113056042.70700,-12770795.347537400
468,343.4677152633670,84240,1404.0,23.4,12.53060216815570,156.63252710194700,25.06120433631150,187959032522.33600,-14319454.35164070
469,343.56974697113000,84420,1407.0,23.45,12.534324552186900,156.67905690233600,25.06864910437380,188014868282.8040,-13526770.162753700
470,343.2511579990390,84600,1410.0,23.5,12.522701591754100,156.53376989692700,25.045403183508300,187840523876.31200,-10017950.573702300
471,342.9541256427770,84780,1413.0,23.55,12.511865073147000,156.3983134143380,25.023730146294100,187677976097.20500,-5294286.700085170
472,343.3982775211330,84960,1416.0,23.6,12.528068897386100,156.60086121732700,25.056137794772200,187921033460.79200,-2491068.718411670
473,343.5121500492100,85140,1419.0,23.65,12.532223265566300,156.6527908195790,25.064446531132600,187983348983.49400,-3207877.973169920
474,343.30109667778000,85320,1422.0,23.7,12.524523485598300,156.55654356997900,25.049046971196600,187867852283.97500,-5642880.481886370
475,343.1851963996890,85500,1425.0,23.75,12.52029513978470,156.50368924730900,25.04059027956940,187804427096.77100,-6668130.810490490
476,343.10992217063900,85680,1428.0,23.8,12.51754893868390,156.46936173354900,25.03509787736790,187763234080.25900,-5107735.851003220
477,343.04326272010800,85860,1431.0,23.85,12.515117027275000,156.43896284093700,25.030234054550000,187726755409.12500,-2361456.8926106800
478,343.2663834095000,86040,1434.0,23.9,12.523257054619700,156.54071318274600,25.046514109239300,187848855819.2950,-310589.8497870300
479,343.20307064056400,86220,1437.0,23.95,12.52094723892390,156.51184048654900,25.04189447784780,187814208583.85900,507374.4852212880